,Unnamed: 0,Unnamed: 0.1,Unnamed: 0.1.1,Unnamed: 0.1.1.1,Unnamed: 0.1.1.1.1,Unnamed: 0.1.1.1.1.1,Unnamed: 0.1.1.1.1.1.1,Unnamed: 0.1.1.1.1.1.1.1,Unnamed: 0.1.1.1.1.1.1.1.1,client_accuracy_2,client_accuracy_0,client_accuracy_1,client_accuracy_4,client_accuracy_3,client_loss_2,client_loss_0,client_loss_1,client_loss_4,client_loss_3,client_accuracy_per_epoch2,client_accuracy_per_epoch0,client_accuracy_per_epoch1,client_accuracy_per_epoch4,client_accuracy_per_epoch3,client_loss_per_epoch2,client_loss_per_epoch0,client_loss_per_epoch1,client_loss_per_epoch4,client_loss_per_epoch3,client_attack_2,client_attack_0,client_attack_1,client_attack_4,client_attack_3,client_auc_2,client_auc_0,client_auc_1,client_auc_4,client_auc_3,server_attack,server_accuracy,server_auc,client_layer_leakage_2,client_layer_leakage_0,client_layer_leakage_1,client_layer_leakage_4,client_layer_leakage_3,server_layer_leakage,client_round_duration_2,client_round_duration_0,client_round_duration_1,client_round_duration_4,client_round_duration_3,client_transformation_time_0,client_transformation_time_1,client_transformation_time_2,client_transformation_time_3,client_transformation_time_4,client_transformation_time_5,client_transformation_time_6,client_transformation_time_7,client_transformation_time_8,client_transformation_time_9,server_aggregation_duration,server_model_parameters_memory_usage,server_data_parameters_memory_usage,server_transformation_time
0,0,0,0,0,0,0,0,0,0,0.08027879534858307,9.03227025652252,1.6411168418078212,0.1402224953081177,0.41024434272492516,1.9964493048818488,1.974187069190176,2.007539491904409,1.979438878360548,2.0277485609054566,"[34.0, 32.666666666666664, 26.666666666666668, 34.0, 34.346666666666664]","[26.666666666666668, 27.333333333333332, 27.333333333333332, 28.666666666666668, 30.21333333333333]","[23.333333333333332, 36.0, 34.0, 35.333333333333336, 34.70666666666667]","[28.666666666666668, 28.000000000000004, 28.000000000000004, 34.0, 30.933333333333334]","[22.0, 24.0, 24.0, 38.666666666666664, 33.839999999999996]","[2.2097781269173873, 1.965946730814482, 1.9563699270549573, 1.9351432197972347, 1.9150085198251825]","[2.1486967990272925, 1.941529255164297, 1.9096845702121132, 1.9401896815550954, 1.9308350399920815]","[2.213405860097785, 2.0012542260320565, 1.9629782438278198, 1.9321563934025012, 1.9279027361618846]","[2.156215002662257, 1.946894175127933, 1.9248548871592472, 1.9454842366670306, 1.9237460901862697]","[2.208025254701313, 1.9728203008049412, 1.9969553069064492, 2.008574040312516, 1.952367901802063]",0.0,0.0,0.0,0.0,-0.0004850368212223,0.0,0.0,0.0,0.0,0.0,0.0,0.3334,0.0,{},{},{},{},{},{},20.51722407341004,16.81812047958374,16.804964303970337,16.329378604888916,16.560831546783447,0,0,0,0,0,0,0,0,0,0,0.4138133525848388,,,0
1,1,1,1,1,1,1,1,1,1,0.5782246232295752,0.01778948072073494,2.3611168418078234,0.013156475589963246,0.3938363342837778,1.943442669667696,1.958999510815269,1.998762067995573,1.9170611230950605,1.9700707874800032,"[31.333333333333336, 27.333333333333332, 26.666666666666668, 24.666666666666668, 36.413333333333334]","[27.333333333333332, 28.666666666666668, 28.666666666666668, 28.666666666666668, 34.266666666666666]","[34.0, 30.666666666666664, 30.0, 41.333333333333336, 35.42666666666667]","[22.666666666666664, 30.666666666666664, 33.33333333333333, 30.666666666666664, 33.85333333333334]","[30.666666666666664, 32.0, 36.0, 31.333333333333336, 30.813333333333333]","[1.9894198994887502, 1.9487279088873612, 1.9453235739155819, 1.9290014254419428, 1.9047405406048423]","[2.0006825610211023, 1.9592837346227545, 1.9568005612022, 1.9414847775509483, 1.9367459196793406]","[2.045077681541443, 1.975473209431297, 1.9523152552152936, 2.0252638239609566, 1.9956803698288768]","[1.9657057774694342, 1.9273527170482434, 1.9064259780080695, 1.8830213860461587, 1.9027997569033974]","[2.004269091706527, 1.9728172829276638, 1.9735781519036544, 1.9510551565571834, 1.9486342543049862]",0.0,0.0,0.0,0.0,-0.0004850368212223,0.0,0.0,0.0,0.0,0.0,0.0,0.3423,0.0,{},{},{},{},{},{},16.912959575653076,16.914384365081787,16.993699073791504,16.608481884002686,16.84315013885498,0,0,0,0,0,0,0,0,0,0,0.3985648155212402,,,0
2,2,2,2,2,2,2,2,2,2,1.2853876811722587,9.091091995286831,0.2277835084744908,8.941918476278671,0.7273611429682475,1.8811902297170533,1.9310856656024329,1.922760878111187,1.91339719922919,1.931244254112244,"[25.333333333333336, 26.0, 30.666666666666664, 25.333333333333336, 37.81333333333333]","[32.666666666666664, 32.666666666666664, 41.333333333333336, 32.666666666666664, 30.733333333333334]","[33.33333333333333, 34.66666666666667, 33.33333333333333, 32.666666666666664, 33.29333333333334]","[28.666666666666668, 38.0, 32.666666666666664, 31.333333333333336, 30.186666666666667]","[28.000000000000004, 28.666666666666668, 30.0, 30.0, 31.653333333333332]","[1.9021216881902594, 1.8962989041679783, 1.889436502205698, 1.86543103268272, 1.8526630213386135]","[1.9711026455226697, 1.933988238635816, 1.9171285252822072, 1.9121046191767643, 1.9211042993947078]","[1.9685632680591785, 1.9132555221256458, 1.9089982133162648, 1.920127975313287, 1.9028594117415578]","[1.9461816925751536, 1.9161518435729177, 1.9138682578739368, 1.9044516839479144, 1.8863325181760286]","[1.9634585506037663, 1.9384640894438092, 1.9239933114302785, 1.9172496795654297, 1.9130556395179348]",0.0,0.0,0.0,0.0,-0.0004850368212223,0.0,0.0,0.0,0.0,0.0,0.0,0.3334,0.0,{},{},{},{},{},{},16.191459894180298,16.73340082168579,16.674615621566772,16.691670179367065,16.651450634002686,0,0,0,0,0,0,0,0,0,0,0.5196311473846436,,,0
3,3,3,3,3,3,3,3,3,3,0.2048912898962475,9.251091995286831,0.011327427046174399,0.2431730346919717,0.1271696676171103,1.9035213257137096,1.9254314447704115,1.922067549354152,1.9013141004662764,1.915214386739229,"[34.66666666666667, 30.666666666666664, 34.66666666666667, 45.33333333333333, 36.04]","[36.666666666666664, 36.666666666666664, 30.666666666666664, 34.66666666666667, 30.893333333333334]","[36.0, 36.0, 32.666666666666664, 31.333333333333336, 32.33333333333333]","[30.666666666666664, 30.666666666666664, 34.0, 30.666666666666664, 32.586666666666666]","[28.666666666666668, 34.0, 32.666666666666664, 27.333333333333332, 30.546666666666667]","[1.9244914619546187, 1.9009456571779753, 1.9095822949158519, 1.897255495974892, 1.885331718545211]","[1.939927107409427, 1.9374645258250989, 1.934239895720231, 1.8986573470266241, 1.916868347870676]","[1.9666826787747835, 1.9159279183337563, 1.9214130263579519, 1.907994226405495, 1.8983198968987716]","[1.9285257176349038, 1.9168550968170166, 1.8891623898556358, 1.8826437561135543, 1.8893835419102718]","[1.9336231695978265, 1.913212029557479, 1.90414055397636, 1.9161589333885594, 1.9089372471759194]",0.0,0.0,0.0,0.0,-0.0004850368212223,0.0,0.0,0.0,0.0,0.0,0.0,0.3336,0.0,{},{},{},{},{},{},16.280548095703125,16.4552161693573,16.660973072052002,16.419336795806885,16.24810290336609,0,0,0,0,0,0,0,0,0,0,0.3237452507019043,,,0
4,4,4,4,4,4,4,4,4,4,0.7653876811722657,9.125603589855855,1.9211168418078184,9.181918476278677,2.1733632672102097,1.917194430451644,1.9141428771771885,1.912121794098302,1.9096891716906896,1.901999215075844,"[43.333333333333336, 34.0, 41.333333333333336, 40.666666666666664, 37.29333333333334]","[31.333333333333336, 30.0, 28.666666666666668, 32.666666666666664, 30.306666666666665]","[34.0, 30.666666666666664, 33.33333333333333, 36.0, 34.986666666666665]","[33.33333333333333, 34.0, 32.666666666666664, 38.0, 30.42666666666667]","[35.333333333333336, 29.333333333333332, 36.666666666666664, 34.66666666666667, 36.54666666666667]","[1.9351386271025006, 1.9067094576986212, 1.9264621671877409, 1.9122965273104215, 1.9053653729589362]","[1.9222296350880672, 1.9042749906841077, 1.9101174881583767, 1.9177466003518355, 1.916345671603554]","[1.9302741791072644, 1.9132842515644275, 1.9108777234428806, 1.8987226674431248, 1.9074501489338123]","[1.9230330555062545, 1.9056000709533691, 1.927484487232409, 1.899570527829622, 1.8927577169317948]","[1.9289441045961881, 1.9086150244662636, 1.8989595174789429, 1.8948726465827541, 1.8786047822550724]",0.0,0.0,0.0,0.0,-0.0004850368212223,0.0,0.0,0.0,0.0,0.0,0.0,0.3404,0.0,{},{},{},{},{},{},16.72277545928955,16.67413878440857,16.47179675102234,16.57532811164856,16.775829792022705,0,0,0,0,0,0,0,0,0,0,0.3976485729217529,,,0
5,5,5,5,5,5,5,5,5,5,0.37822462322957906,0.2560695602843896,3.974450175141153,0.4108305734245865,0.7362012535766564,1.8764650344848632,1.867227023526242,1.9233208957471348,1.870583195435373,1.883894164938676,"[36.0, 36.666666666666664, 35.333333333333336, 38.666666666666664, 36.21333333333333]","[32.666666666666664, 32.666666666666664, 38.0, 33.33333333333333, 31.466666666666665]","[36.0, 32.666666666666664, 30.0, 28.666666666666668, 37.04]","[34.0, 31.333333333333336, 30.666666666666664, 30.666666666666664, 33.57333333333333]","[31.333333333333336, 26.0, 27.333333333333332, 27.333333333333332, 33.38666666666666]","[1.9232200509623478, 1.886125646139446, 1.867659148417021, 1.8523484970393933, 1.8529718298661082]","[1.8915645260559886, 1.8751636806287264, 1.8650145216992027, 1.8506185757486444, 1.8537738134986477]","[1.953264456046255, 1.924807397942794, 1.9067980239265843, 1.9059056733783923, 1.9258289274416471]","[1.8846980082361322, 1.8633874215577777, 1.8796619176864624, 1.8537194038692273, 1.8714492258272672]","[1.90587644200576, 1.8750260629151996, 1.8774232550671226, 1.881185719841405, 1.8799593448638916]",0.0,0.0,0.0,0.0,-0.0004850368212223,0.0,0.0,0.0,0.0,0.0,0.0,0.3547,0.0,{},{},{},{},{},{},16.893284797668457,16.543723583221436,16.37350106239319,17.230086088180542,16.773879766464233,0,0,0,0,0,0,0,0,0,0,0.3524160385131836,,,0
6,6,6,6,6,6,6,6,6,6,0.3702834883119745,1.02865974416603,0.5579940937128423,1.7928167636285322,0.09620125357666287,1.8743724258322465,1.8727422526008204,1.873429866840965,1.8440361926430149,1.8975494322023887,"[39.33333333333333, 32.666666666666664, 37.333333333333336, 34.0, 33.28]","[32.666666666666664, 34.0, 34.66666666666667, 32.666666666666664, 36.120000000000005]","[36.0, 33.33333333333333, 27.333333333333332, 34.0, 32.879999999999995]","[37.333333333333336, 31.333333333333336, 32.666666666666664, 36.0, 36.413333333333334]","[36.0, 32.666666666666664, 32.666666666666664, 28.666666666666668, 32.74666666666667]","[1.9053914797933478, 1.8723038685949225, 1.880548031706559, 1.8576803081913997, 1.8559384408750033]","[1.914076566696167, 1.8716922182785838, 1.8793070692765086, 1.84926638477727, 1.8493690239755731]","[1.8963291394083124, 1.8775561734249717, 1.8717352151870728, 1.8559044285824424, 1.8656243776020252]","[1.8492570048884343, 1.8336528916107981, 1.8357518032977456, 1.832022089707224, 1.8694971737108732]","[1.9200374766399986, 1.8981537881650423, 1.8890283107757568, 1.8937300067198903, 1.8867975787112587]",0.0,0.0,0.0,0.0,-0.0004850368212223,0.0,0.0,0.0,0.0,0.0,0.0,0.3842,0.0,{},{},{},{},{},{},17.29518985748291,17.053328275680542,16.96821165084839,16.7259681224823,16.067301034927368,0,0,0,0,0,0,0,0,0,0,0.5232195854187012,,,0
7,7,7,7,7,7,7,7,7,7,0.24245981912529646,0.026372210545355657,2.1477835084744887,0.6704908614631732,0.5006944763015863,1.888987807223672,1.8512246596185784,1.8990513374930933,1.8332705209129727,1.8608577414562828,"[46.0, 40.0, 40.0, 36.0, 35.42666666666667]","[34.0, 30.0, 34.0, 31.333333333333336, 32.50666666666667]","[33.33333333333333, 38.0, 40.0, 38.666666666666664, 35.21333333333334]","[46.666666666666664, 38.0, 38.0, 43.333333333333336, 34.61333333333334]","[30.666666666666664, 30.0, 25.333333333333336, 29.333333333333332, 31.42666666666667]","[1.8902137404993962, 1.9106888080898083, 1.8771168746446307, 1.8897632925133956, 1.877156320371126]","[1.8549536717565436, 1.8561958827470477, 1.833835990805375, 1.8527472019195557, 1.8583905508643703]","[1.915985759935881, 1.9052843420129073, 1.8915170368395353, 1.893001863830968, 1.8894676848461753]","[1.8328332712775783, 1.849622368812561, 1.8305372627157914, 1.8274020144813938, 1.825957687277543]","[1.8394029830631458, 1.8417345912832963, 1.896290383840862, 1.862098028785304, 1.8647627203088057]",0.0,0.0,0.0,0.0,-0.0004850368212223,0.0,0.0,0.0,0.0,0.0,0.0,0.3425,0.0,{},{},{},{},{},{},16.444570541381836,16.760606050491333,16.85378670692444,17.15535879135132,16.732964277267456,0,0,0,0,0,0,0,0,0,0,0.4254612922668457,,,0
8,8,8,8,8,8,8,8,8,8,0.1382246232295855,0.04657345522126066,4.574450175141155,1.2861500969618707,2.6933632672102066,1.805802419311122,1.870639886354145,1.895857560007196,1.848469123087431,1.8762016421870185,"[36.666666666666664, 41.333333333333336, 37.333333333333336, 38.0, 35.973333333333336]","[29.333333333333332, 34.0, 35.333333333333336, 31.333333333333336, 34.44]","[34.0, 32.666666666666664, 33.33333333333333, 36.666666666666664, 37.64]","[34.66666666666667, 36.0, 34.0, 38.666666666666664, 35.906666666666666]","[26.666666666666668, 22.0, 30.0, 26.666666666666668, 37.06666666666666]","[1.8276934121784412, 1.8048304695832103, 1.7930749592028166, 1.8142647492258173, 1.7891485063653243]","[1.927221285669427, 1.8527474277897884, 1.855171423209341, 1.8611055863531012, 1.8569537087490684]","[1.92659498515882, 1.9000750466396934, 1.8971108825583207, 1.870153169882925, 1.8853537157962197]","[1.8675229235699302, 1.8524418441872847, 1.8492369149860584, 1.8390997146305286, 1.8340442180633545]","[1.8785596019343327, 1.8941934924376638, 1.8948895743018703, 1.8682394215935154, 1.8451261206677085]",0.0,0.0,0.0,0.0,-0.0004850368212223,0.0,0.0,0.0,0.0,0.0,0.0,0.3898,0.0,{},{},{},{},{},{},17.483651638031006,16.82328152656555,17.50514817237854,16.898759365081787,16.552099227905273,0,0,0,0,0,0,0,0,0,0,0.4157910346984863,,,0
9,9,9,9,9,9,9,9,9,9,0.8187210145055857,4.081993077499356,2.2677835084744897,3.872816763628545,3.7333632672102164,1.8198104230981125,1.8538805447126687,1.8312656477877969,1.8408448771426555,1.84210759965997,"[30.0, 33.33333333333333, 32.666666666666664, 38.0, 37.346666666666664]","[41.333333333333336, 42.0, 42.0, 40.0, 39.17333333333333]","[41.333333333333336, 35.333333333333336, 34.0, 36.666666666666664, 35.333333333333336]","[47.333333333333336, 45.33333333333333, 48.0, 50.66666666666667, 38.49333333333333]","[38.0, 40.666666666666664, 37.333333333333336, 46.0, 38.10666666666667]","[1.8413178607037193, 1.8261991551047878, 1.8134398460388184, 1.8094528474305804, 1.808642406212656]","[1.856148412353114, 1.856756749906038, 1.852627616179617, 1.8494243621826172, 1.8544455829419588]","[1.8366473474000629, 1.817919881720292, 1.8289850762015896, 1.834229538315221, 1.8385463953018188]","[1.8392837549510754, 1.830702361307646, 1.8418866395950317, 1.8439921454379433, 1.8483594844215794]","[1.8524547376130756, 1.8460057785636501, 1.8664537103552568, 1.816240944360432, 1.8293828274074353]",0.0,0.0,0.0,0.0,-0.0004850368212223,0.0,0.0,0.0,0.0,0.0,0.0,0.41,0.0,{},{},{},{},{},{},16.82869577407837,16.766286611557007,16.931273937225342,16.87280774116516,16.858445644378662,0,0,0,0,0,0,0,0,0,0,0.5086379051208496,,,0
10,10,10,10,10,10,10,10,10,10,1.0987210145055983,0.4357031917759713,4.747783508474494,6.126150096961868,4.666696600543546,1.819873860007838,1.8346507862994543,1.871151048258732,1.8114770751250413,1.8097270325610515,"[36.666666666666664, 36.666666666666664, 43.333333333333336, 42.0, 37.62666666666667]","[38.666666666666664, 40.666666666666664, 40.0, 33.33333333333333, 33.986666666666665]","[39.33333333333333, 38.0, 44.0, 38.666666666666664, 37.81333333333333]","[41.333333333333336, 40.666666666666664, 40.0, 42.66666666666667, 40.74666666666666]","[34.66666666666667, 38.666666666666664, 34.66666666666667, 37.333333333333336, 39.04]","[1.8424498093755621, 1.8259070233294838, 1.8106852769851685, 1.8108721093127602, 1.8094550810362164]","[1.8645230217983848, 1.8089506312420494, 1.8550104028300236, 1.8351159283989353, 1.8096539472278796]","[1.8671378963872005, 1.8660552501678467, 1.8754123449325562, 1.8600705171886243, 1.8870792326174284]","[1.8207290674510754, 1.7998392519197965, 1.8164274755277132, 1.8143501093513088, 1.8060394713753147]","[1.8270534339704012, 1.8145713743410612, 1.794071774733694, 1.8061954159485667, 1.806743163811533]",0.0,0.0,0.0,0.0,-0.0004850368212223,0.0,0.0,0.0,0.0,0.0,0.0,0.4185,0.0,{},{},{},{},{},{},16.463656425476074,16.28708004951477,16.59614610671997,16.424522638320923,16.5969295501709,0,0,0,0,0,0,0,0,0,0,0.5199069976806641,,,0
11,11,11,11,11,11,11,11,11,11,3.13872101450559,2.3886597441660204,7.414450175141151,5.886150096961875,5.546696600543551,1.7946682214736938,1.7950691838013495,1.836951555703816,1.8012357774533725,1.8343662462736432,"[46.666666666666664, 45.33333333333333, 42.66666666666667, 44.0, 39.666666666666664]","[29.333333333333332, 32.0, 28.000000000000004, 30.666666666666664, 37.480000000000004]","[42.0, 39.33333333333333, 40.666666666666664, 39.33333333333333, 40.48]","[37.333333333333336, 35.333333333333336, 39.33333333333333, 36.0, 40.50666666666667]","[44.0, 38.0, 42.0, 40.0, 39.92]","[1.8011215423282825, 1.8084532022476196, 1.7951378006684153, 1.7870279989744489, 1.7816005631497032]","[1.8211181979430349, 1.7785077032290006, 1.7989988577993292, 1.7972764341454757, 1.7794447258899087]","[1.829083800315857, 1.8677435234973305, 1.8203398177498264, 1.8337297314091732, 1.833860905546891]","[1.8211980367961682, 1.7752305018274408, 1.8209204548283626, 1.7992272251530697, 1.7896026686618203]","[1.8361121792542308, 1.8282541350314492, 1.828830267253675, 1.8421898076408787, 1.8364448421879818]",0.0,0.0,0.0,0.0,-0.0004850368212223,0.0,0.0,0.0,0.0,0.0,0.0,0.4194,0.0,{},{},{},{},{},{},16.596961736679077,16.70797848701477,16.367136001586914,16.594375371932983,16.575331449508667,0,0,0,0,0,0,0,0,0,0,0.4210665225982666,,,0
12,12,12,12,12,12,12,12,12,12,2.152054347838926,3.801993077499362,7.2144501751411525,6.206150096961875,6.146696600543545,1.7959356408370168,1.8077789369382355,1.8148268034583643,1.810377714508458,1.8037469048249093,"[43.333333333333336, 49.333333333333336, 45.33333333333333, 46.0, 38.68]","[34.0, 32.666666666666664, 33.33333333333333, 34.66666666666667, 38.89333333333334]","[42.66666666666667, 44.0, 41.333333333333336, 43.333333333333336, 40.28]","[42.66666666666667, 37.333333333333336, 39.33333333333333, 43.333333333333336, 40.82666666666667]","[38.666666666666664, 43.333333333333336, 40.0, 40.666666666666664, 40.52]","[1.834891482403404, 1.77592596882268, 1.8020121298338239, 1.7708096943403546, 1.7960389287848222]","[1.8277130064211393, 1.838057003523174, 1.7928280893125033, 1.7856171570326154, 1.7946794284017462]","[1.8164151216808118, 1.829365190706755, 1.8190763435865704, 1.7972875519802696, 1.8119898093374152]","[1.8248820242128874, 1.7917306485928988, 1.827827629290129, 1.7822047472000122, 1.8252435232463635]","[1.833255178049991, 1.8307940269771374, 1.767354588759573, 1.8019384459445351, 1.7853922843933105]",0.0,0.0,0.0,0.0,-0.0004850368212223,0.0,0.0,0.0,0.0,0.0,0.0,0.4213,0.0,{},{},{},{},{},{},16.570034742355347,15.771406412124634,17.125601291656494,16.967048168182373,16.79772925376892,0,0,0,0,0,0,0,0,0,0,0.4160599708557129,,,0
13,13,13,13,13,13,13,13,13,13,5.072054347838929,3.9886597441660223,8.027783508474482,6.286150096961868,5.893363267210209,1.8159063803522209,1.7839005909468,1.831653532228972,1.8113896683642736,1.7624281582079433,"[45.33333333333333, 38.666666666666664, 44.666666666666664, 43.333333333333336, 41.6]","[44.0, 41.333333333333336, 40.0, 38.0, 39.08]","[50.0, 40.0, 42.0, 42.66666666666667, 41.093333333333334]","[39.33333333333333, 41.333333333333336, 46.0, 35.333333333333336, 40.906666666666666]","[34.0, 36.0, 35.333333333333336, 33.33333333333333, 40.266666666666666]","[1.86470721897326, 1.8257854612250077, 1.7950754667583264, 1.7904560503206755, 1.8035077044838352]","[1.8245132471385754, 1.7788810102563155, 1.757726085813422, 1.7736209379999262, 1.78476167352576]","[1.8657311263837313, 1.8292143219395687, 1.8290049527820789, 1.8131398527245772, 1.821177407314903]","[1.8756230128438849, 1.795641026998821, 1.801391087080303, 1.797687342292384, 1.7866058726059764]","[1.7890727582730745, 1.7737077223627191, 1.7625528009314286, 1.7372173196391056, 1.74959018983339]",0.0,0.0,0.0,0.0,-0.0004850368212223,0.0,0.0,0.0,0.0,0.0,0.0,0.4269,0.0,{},{},{},{},{},{},17.299532890319824,16.975185871124268,16.872255086898804,16.870718479156494,16.808424472808838,0,0,0,0,0,0,0,0,0,0,0.3700554370880127,,,0
14,14,14,14,14,14,14,14,14,14,3.59205434783892,4.001993077499347,8.747783508474491,5.099483430295206,7.20002993387688,1.8204518694626657,1.8294243511400723,1.8051344658199109,1.7646493736066318,1.752752547515066,"[40.0, 49.333333333333336, 48.0, 40.666666666666664, 40.12]","[42.66666666666667, 32.666666666666664, 34.66666666666667, 38.666666666666664, 39.093333333333334]","[38.666666666666664, 37.333333333333336, 40.666666666666664, 38.666666666666664, 41.81333333333333]","[40.0, 38.0, 37.333333333333336, 37.333333333333336, 39.72]","[30.666666666666664, 32.0, 33.33333333333333, 34.0, 41.57333333333334]","[1.8947648374657882, 1.831299442993967, 1.7988530522898625, 1.8017344663017674, 1.7756075482619436]","[1.8821807597812854, 1.811536054862173, 1.8274555896457874, 1.821778749164782, 1.8041706022463346]","[1.8275392620187056, 1.7964411785728054, 1.7894936172585738, 1.8189305004320646, 1.7932677708174054]","[1.815009637882835, 1.7634751043821637, 1.7569230794906616, 1.757863672156083, 1.729975374121415]","[1.8133404505880255, 1.7615065825612921, 1.7437100222236233, 1.7286837540174786, 1.716521928184911]",0.0,0.0,0.0,0.0,-0.0004850368212223,0.0,0.0,0.0,0.0,0.0,0.0,0.4295,0.0,{},{},{},{},{},{},16.44466733932495,16.768974781036377,17.306148529052734,16.87925624847412,16.639911890029907,0,0,0,0,0,0,0,0,0,0,0.4256711006164551,,,0
15,15,15,15,15,15,15,15,15,15,5.592054347838934,7.468659744166023,8.534450175141156,6.686150096961878,8.066696600543546,1.777643858759027,1.7780891142393416,1.8177134865208675,1.76994717874025,1.7922546098106786,"[44.0, 44.666666666666664, 46.0, 43.333333333333336, 42.120000000000005]","[35.333333333333336, 35.333333333333336, 36.0, 30.0, 42.559999999999995]","[42.66666666666667, 41.333333333333336, 44.666666666666664, 46.666666666666664, 41.6]","[39.33333333333333, 40.666666666666664, 40.666666666666664, 36.666666666666664, 41.30666666666667]","[39.33333333333333, 38.0, 39.33333333333333, 40.0, 42.44]","[1.823386455837049, 1.7766841712750887, 1.7618676549509953, 1.7685641175822209, 1.7577168941497803]","[1.847674953310113, 1.767395251675656, 1.7703829564546283, 1.7368523321653668, 1.7681400775909424]","[1.8492432707234432, 1.819645266783865, 1.815093900028028, 1.8197289015117444, 1.7848560935572575]","[1.8174359610206203, 1.7965315141175922, 1.7302082965248509, 1.752748313703035, 1.7528118083351536]","[1.8603075491754633, 1.7850825410140188, 1.7821598241203709, 1.7736195074884515, 1.7601036272550885]",0.0,0.0,0.0,0.0,-0.0004850368212223,0.0,0.0,0.0,0.0,0.0,0.0,0.4361,0.0,{},{},{},{},{},{},16.90177822113037,16.837072610855103,16.86084294319153,16.656684160232544,17.2573299407959,0,0,0,0,0,0,0,0,0,0,0.419952392578125,,,0
16,16,16,16,16,16,16,16,16,16,4.352054347838928,7.188659744166027,9.294450175141154,5.619483430295209,6.933363267210216,1.7742988310362164,1.7834167078921666,1.8251134470889443,1.7917567052339252,1.805713046224494,"[35.333333333333336, 37.333333333333336, 35.333333333333336, 38.0, 40.88]","[48.66666666666667, 45.33333333333333, 44.666666666666664, 44.0, 42.28]","[49.333333333333336, 49.333333333333336, 44.666666666666664, 46.0, 42.36]","[44.0, 39.33333333333333, 39.33333333333333, 42.0, 40.239999999999995]","[38.666666666666664, 37.333333333333336, 34.66666666666667, 36.0, 41.30666666666667]","[1.8518001594041522, 1.7774173335025185, 1.746071972345051, 1.7544607990666439, 1.7417438908627159]","[1.8737616413518001, 1.7716825635809648, 1.7378498253069425, 1.7938718293842517, 1.7399176798368756]","[1.9518593988920514, 1.7655165885624133, 1.8220250292828208, 1.8039294983211316, 1.7822367203863043]","[1.8753328260622526, 1.8001562858882703, 1.7732245420154773, 1.758114124599256, 1.7519557476043701]","[1.8515740068335282, 1.8088653024874235, 1.799294208225451, 1.7954527390630621, 1.7733789745130037]",0.0,0.0,0.0,0.0,-0.0004850368212223,0.0,0.0,0.0,0.0,0.0,0.0,0.4394,0.0,{},{},{},{},{},{},17.105257749557495,16.88595414161682,16.798404693603516,16.546733856201172,17.15336036682129,0,0,0,0,0,0,0,0,0,0,0.4277586936950683,,,0
17,17,17,17,17,17,17,17,17,17,4.645387681172258,7.801993077499355,8.78778350847449,7.352816763628539,6.8666966005435475,1.849602576305992,1.7905811836844996,1.8472378906450773,1.833294286225972,1.8098919968856009,"[40.0, 39.33333333333333, 40.666666666666664, 38.666666666666664, 41.17333333333333]","[40.666666666666664, 41.333333333333336, 36.666666666666664, 42.66666666666667, 42.89333333333333]","[43.333333333333336, 38.666666666666664, 38.0, 37.333333333333336, 41.85333333333333]","[46.666666666666664, 45.33333333333333, 46.0, 44.666666666666664, 41.973333333333336]","[36.0, 39.33333333333333, 39.33333333333333, 32.0, 41.24]","[1.9444355462726794, 1.8077055027610378, 1.8966503707986129, 1.7790975884387368, 1.8201238732588918]","[1.946555727406552, 1.774297268767106, 1.7786302503786589, 1.733077099448756, 1.7203455724214252]","[1.9253760450764705, 1.8448367244318913, 1.8563005045840615, 1.7966221320001703, 1.8130540471327932]","[1.9415119070755809, 1.838979306973909, 1.7922307817559493, 1.7964541410145007, 1.7972952943099172]","[1.886484748438785, 1.8214115720046193, 1.76701946007578, 1.8020758064169633, 1.7724683974918567]",0.0,0.0,0.0,0.0,-0.0004850368212223,0.0,0.0,0.0,0.0,0.0,0.0,0.4381,0.0,{},{},{},{},{},{},16.939719438552856,17.46173882484436,17.166589498519897,16.82713794708252,17.277812480926514,0,0,0,0,0,0,0,0,0,0,0.4013888835906982,,,0
18,18,18,18,18,18,18,18,18,18,5.418721014505589,6.641993077499349,8.62778350847449,8.606150096961867,8.826696600543546,1.849422380798741,1.8462643610803704,1.819999968378168,1.7971223216307792,1.8148599637182128,"[48.0, 45.33333333333333, 46.666666666666664, 46.0, 41.946666666666665]","[37.333333333333336, 34.0, 38.0, 38.0, 41.733333333333334]","[42.0, 44.0, 42.0, 44.666666666666664, 41.693333333333335]","[40.0, 36.666666666666664, 39.33333333333333, 36.0, 43.22666666666667]","[36.666666666666664, 40.666666666666664, 41.333333333333336, 40.0, 43.2]","[1.9711913686049611, 1.867041173734163, 1.8187675789782876, 1.8120093722092478, 1.7781024104670475]","[1.9436416625976562, 1.8085523153606213, 1.8727122294275385, 1.7893827839901573, 1.817032814025879]","[1.9470855750535663, 1.8036666355634992, 1.8129067107250816, 1.7640163333792436, 1.7723245871694464]","[1.9234440389432406, 1.8009396728716398, 1.7654621350137811, 1.758978241368344, 1.7367875199568898]","[1.9397851605164378, 1.8092875104201467, 1.7798302738290084, 1.7757360621502525, 1.7696608116752224]",0.0,0.0,0.0,0.0,-0.0004850368212223,0.0,0.0,0.0,0.0,0.0,0.0,0.4438,0.0,{},{},{},{},{},{},16.765684843063354,16.91009545326233,16.27426290512085,16.91824197769165,16.976608276367188,0,0,0,0,0,0,0,0,0,0,0.4156134128570556,,,0
19,19,19,19,19,19,19,19,19,19,5.458721014505592,5.935326410832677,38.172588398056064,7.8994834302952075,6.986696600543545,1.8518382875542887,1.7989807041067825,1.819731325852244,1.8819481071672943,1.796384872888264,"[42.66666666666667, 46.666666666666664, 47.333333333333336, 46.0, 41.986666666666665]","[34.66666666666667, 32.666666666666664, 35.333333333333336, 34.0, 41.026666666666664]","[37.333333333333336, 38.0, 41.333333333333336, 35.333333333333336, 43.70666666666666]","[51.33333333333333, 50.0, 44.666666666666664, 53.333333333333336, 42.52]","[37.333333333333336, 40.0, 38.666666666666664, 39.33333333333333, 41.36]","[2.040187245921085, 1.8562694286045276, 1.7817899427915875, 1.7861402222984715, 1.7948045981557745]","[1.9345532216523822, 1.755408199209916, 1.806296938344052, 1.7690640123266923, 1.7295811490008706]","[1.9471033121410168, 1.809291965083072, 1.806168989131325, 1.76892646362907, 1.7671658992767334]","[2.049954797092237, 1.8573371736626876, 1.791533068606728, 1.8862946660895097, 1.8246208303853084]","[1.8802926979566876, 1.8231273324866044, 1.779423004702518, 1.7583684293847335, 1.7407128999107762]",0.0,0.0,0.0,0.0,-0.0004850368212223,0.0,0.0,0.0,0.0,0.0,0.0,0.4463,0.0,{},{},{},{},{},{},16.846858978271484,16.671990156173706,16.561192989349365,17.04377269744873,16.25805401802063,0,0,0,0,0,0,0,0,0,0,0.3102965354919433,,,0
20,20,20,20,20,20,20,20,20,20,5.73872101450559,8.108659744166022,9.401116841807823,9.179483430295203,8.840029933876878,1.8640084505081176,1.8482506275177,1.866471529006958,1.83648952308454,1.7931680252677515,"[43.333333333333336, 47.333333333333336, 44.666666666666664, 46.0, 42.266666666666666]","[39.33333333333333, 42.0, 44.0, 43.333333333333336, 43.2]","[38.666666666666664, 36.0, 38.666666666666664, 39.33333333333333, 42.46666666666667]","[38.0, 38.0, 38.666666666666664, 36.666666666666664, 43.8]","[41.333333333333336, 34.0, 38.0, 35.333333333333336, 43.21333333333333]","[2.032856822013855, 1.8521778897235268, 1.8435165693885402, 1.816852004904496, 1.7746389665101703]","[1.9487914223419993, 1.8358996792843467, 1.8165469295100163, 1.8229016943981773, 1.8171134120539616]","[2.024862621959887, 1.7854266605879132, 1.831249475479126, 1.8505147381832725, 1.8403041488245915]","[1.9806923489821584, 1.8269028789118718, 1.813558070283187, 1.7547947482058877, 1.8064995690395957]","[1.8742969036102295, 1.790723769288314, 1.7795411160117702, 1.7433936156724628, 1.7778847217559814]",0.0,0.0,0.0,0.0,-0.0004850368212223,0.0,0.0,0.0,0.0,0.0,0.0,0.4497,0.0,{},{},{},{},{},{},16.771034479141235,16.4093177318573,16.346243381500244,16.294397115707397,16.793235540390015,0,0,0,0,0,0,0,0,0,0,0.4187808036804199,,,0
21,21,21,21,21,21,21,21,21,21,6.192054347838926,8.588659744166025,38.23925506472275,8.499483430295207,9.17336326721021,1.8414232241479973,1.8348935227645071,1.887973790419729,1.8878986408835965,1.790306999808864,"[40.666666666666664, 40.0, 40.0, 38.666666666666664, 42.72]","[48.0, 48.66666666666667, 50.0, 48.66666666666667, 43.68]","[46.666666666666664, 44.666666666666664, 48.0, 46.0, 43.77333333333333]","[51.33333333333333, 50.0, 48.66666666666667, 51.33333333333333, 43.120000000000005]","[38.666666666666664, 39.33333333333333, 40.0, 37.333333333333336, 43.54666666666667]","[2.0003632934469926, 1.8549377855501676, 1.8302275130623264, 1.7813551300450374, 1.7402323986354626]","[1.9714594891196804, 1.877255640531841, 1.7666773043180768, 1.7893996113225032, 1.769675568530434]","[2.0133781558588932, 1.8387741289640729, 1.8593246748572902, 1.8619886950442666, 1.866403297374123]","[2.037260388073168, 1.8866535864378278, 1.8672810479214317, 1.8061403789018329, 1.842157803083721]","[1.885604136868527, 1.8249911509062116, 1.7881614471736706, 1.7377361435639231, 1.7150421205319857]",0.0,0.0,0.0,0.0,-0.0004850368212223,0.0,0.0,0.0,0.0,0.0,0.0,0.4549,0.0,{},{},{},{},{},{},16.742419481277466,16.81457781791687,16.556684970855713,16.685274600982666,16.81021285057068,0,0,0,0,0,0,0,0,0,0,0.4146335124969482,,,0
22,22,22,22,22,22,22,22,22,22,7.138721014505592,6.748659744166022,9.427783508474494,8.99281676362854,5.120029933876876,1.8971703052520752,1.865583146245856,1.887608213173716,1.836234164237976,1.8369867538150988,"[48.66666666666667, 48.66666666666667, 50.0, 49.333333333333336, 43.666666666666664]","[44.0, 42.66666666666667, 39.33333333333333, 42.0, 41.839999999999996]","[41.333333333333336, 39.33333333333333, 38.666666666666664, 37.333333333333336, 42.49333333333333]","[42.66666666666667, 40.666666666666664, 42.0, 42.0, 43.61333333333333]","[39.33333333333333, 44.0, 43.333333333333336, 41.333333333333336, 39.49333333333334]","[2.0198873469704077, 1.8834574536273354, 1.8842932174080296, 1.8666739902998273, 1.8315395179547762]","[1.9755272928037142, 1.8533191806391667, 1.8250857152436908, 1.8647443934490806, 1.809239149093628]","[2.0467118652243363, 1.864115834236145, 1.8876100653096248, 1.8486344563333612, 1.790968844765111]","[2.0013112519916736, 1.8084513388181989, 1.8170213636599089, 1.7960032914814197, 1.7583835752386796]","[2.009321357074537, 1.8059043947019076, 1.8312900819276507, 1.7759430094769126, 1.7624749258944863]",0.0,0.0,0.0,0.0,-0.0004850368212223,0.0,0.0,0.0,0.0,0.0,0.0,0.4469,0.0,{},{},{},{},{},{},17.477137327194214,16.92566442489624,16.72497582435608,16.413848638534546,16.296412467956543,0,0,0,0,0,0,0,0,0,0,0.4319252967834472,,,0
23,23,23,23,23,23,23,23,23,23,6.365387681172258,8.321993077499352,38.25258839805606,7.766150096961871,5.293363267210203,1.866795960225557,1.854012952352825,1.842885590854444,1.8550222070593585,1.8496171361521667,"[44.666666666666664, 45.33333333333333, 48.66666666666667, 48.66666666666667, 42.89333333333333]","[44.0, 46.666666666666664, 48.66666666666667, 48.66666666666667, 43.413333333333334]","[41.333333333333336, 41.333333333333336, 42.66666666666667, 43.333333333333336, 43.78666666666667]","[41.333333333333336, 44.666666666666664, 44.666666666666664, 44.666666666666664, 42.38666666666667]","[38.0, 34.0, 46.0, 36.0, 39.666666666666664]","[1.991086809258712, 1.8540191838615818, 1.8015042857119912, 1.8361531872498362, 1.8512163350456639]","[2.0332123605828536, 1.881503186727825, 1.8310515378650867, 1.7564228271183215, 1.7678748494700383]","[1.9751145839691162, 1.7983291149139404, 1.8108106600610834, 1.7828865364978188, 1.8472870588302612]","[1.9459147955241956, 1.8891221473091526, 1.840879383840059, 1.818163043574283, 1.7810316650491012]","[1.9507822802192287, 1.817886101572137, 1.8683633365129169, 1.8001319107256437, 1.8109220517309088]",0.0,0.0,0.0,0.0,-0.0004850368212223,0.0,0.0,0.0,0.0,0.0,0.0,0.4528,0.0,{},{},{},{},{},{},16.523244619369507,17.02094078063965,16.632415056228638,17.083168983459473,16.55697536468506,0,0,0,0,0,0,0,0,0,0,0.4075939655303955,,,0
24,24,24,24,24,24,24,24,24,24,6.405387681172266,9.161993077499355,23.776069311230522,9.059483430295208,0.0848554514314336,1.820400063615096,1.866220804264671,1.862800989652935,1.8588044266951715,1.8302356958389283,"[44.0, 42.0, 44.666666666666664, 44.0, 42.93333333333334]","[41.333333333333336, 42.66666666666667, 46.0, 44.666666666666664, 44.25333333333333]","[43.333333333333336, 45.33333333333333, 44.0, 42.66666666666667, 43.266666666666666]","[42.0, 43.333333333333336, 44.0, 40.666666666666664, 43.68]","[38.666666666666664, 38.666666666666664, 36.0, 38.666666666666664, 43.64]","[1.9337169747603566, 1.7905330156025134, 1.8420869864915546, 1.7571097863347906, 1.7785535548862659]","[2.0300520783976506, 1.9246278248335187, 1.8175378096731085, 1.7615482869901156, 1.7973380214289616]","[1.903269705019499, 1.9150405933982448, 1.8448423586393659, 1.8093301998941522, 1.8415220913134123]","[1.8869038757524992, 1.8880223537746228, 1.7945992381949174, 1.843590592083178, 1.8809060736706382]","[1.8983882477408962, 1.9036344979938709, 1.7670016853432906, 1.8093117224542719, 1.7728423256623118]",0.0,0.0,0.0,0.0,-0.0004850368212223,0.0,0.0,0.0,0.0,0.0,0.0,0.4522,0.0,{},{},{},{},{},{},16.346927165985107,16.53513216972351,16.707329988479614,16.343318462371826,16.935752153396606,0,0,0,0,0,0,0,0,0,0,0.4134712219238281,,,0
25,25,25,25,25,25,25,25,25,25,6.765387681172266,7.495326410832694,10.034538349034325,35.48152079614778,8.773363267210213,1.8545236813394643,1.877978925955923,1.8803851491526555,1.8704409574207503,1.862587272493463,"[44.0, 42.66666666666667, 42.66666666666667, 42.66666666666667, 43.29333333333334]","[40.666666666666664, 46.0, 44.0, 41.333333333333336, 42.586666666666666]","[42.66666666666667, 40.666666666666664, 38.666666666666664, 39.33333333333333, 43.17333333333334]","[44.0, 48.0, 45.33333333333333, 45.33333333333333, 44.026666666666664]","[49.333333333333336, 44.0, 48.0, 46.0, 43.14666666666667]","[1.9743143069116693, 1.8645352815326892, 1.875991049565767, 1.8020969315579063, 1.7556808371292918]","[2.079869031906128, 1.8902714315213656, 1.7978992587641667, 1.8112094151346307, 1.8106454924533242]","[2.0143469383842065, 1.8530565625742863, 1.8538694632680792, 1.8664557055423134, 1.8141970759943913]","[1.9919473936683254, 1.886883961526971, 1.8241617930562872, 1.8225162907650596, 1.82669534808711]","[1.9988216098986173, 1.8250091891539724, 1.8157697476838763, 1.8136165079317594, 1.8597193077990883]",0.0,0.0,0.0,0.0,-0.0004850368212223,0.0,0.0,0.0,0.0,0.0,0.0,0.4547,0.0,{},{},{},{},{},{},17.074827671051025,17.162353515625,18.047093391418457,17.564693212509155,17.27169132232666,0,0,0,0,0,0,0,0,0,0,0.2622628211975097,,,0
26,26,26,26,26,26,26,26,26,26,7.365387681172258,9.060814816263667,38.425921731389394,5.432816763628545,0.3515221180980958,1.8592941861403616,1.8453914391367057,1.862082950692428,1.8820460043455427,1.850460677397879,"[46.666666666666664, 48.66666666666667, 45.33333333333333, 46.666666666666664, 43.89333333333333]","[49.333333333333336, 48.66666666666667, 46.666666666666664, 47.333333333333336, 44.61333333333333]","[38.0, 38.0, 38.666666666666664, 38.0, 43.96]","[40.666666666666664, 40.0, 38.666666666666664, 39.33333333333333, 40.053333333333335]","[39.33333333333333, 40.666666666666664, 40.0, 40.666666666666664, 43.906666666666666]","[1.995838673491227, 1.8508470183924626, 1.8594317122509605, 1.8022106446717914, 1.7881428818953664]","[1.984044256963228, 1.8721515128487034, 1.804325781370464, 1.774779156634682, 1.7916564878664518]","[1.930030383561787, 1.892940502417715, 1.7979654387423867, 1.8544977087723582, 1.8349807199678922]","[2.0555871976049325, 1.9127377020685297, 1.8583115025570518, 1.8065038982190584, 1.7770897212781405]","[1.9563878398192556, 1.8640266468650417, 1.8171508186741878, 1.8001039090909456, 1.814634172539962]",0.0,0.0,0.0,0.0,-0.0004850368212223,0.0,0.0,0.0,0.0,0.0,0.0,0.4572,0.0,{},{},{},{},{},{},16.935666799545288,17.130797147750854,17.274933099746704,17.30073642730713,17.01034188270569,0,0,0,0,0,0,0,0,0,0,0.4190449714660644,,,0
27,27,27,27,27,27,27,27,27,27,6.938721014505585,7.6819930774993574,8.321116841807818,37.21794913229368,0.0715221180981018,1.8784723181473584,1.885808391320078,1.87992370505082,1.868146168558221,1.8339452128661309,"[40.666666666666664, 37.333333333333336, 43.333333333333336, 44.0, 43.46666666666666]","[45.33333333333333, 44.0, 44.0, 42.0, 42.77333333333333]","[46.0, 48.66666666666667, 46.0, 48.0, 41.38666666666666]","[44.0, 43.333333333333336, 46.666666666666664, 46.0, 44.84]","[44.666666666666664, 42.66666666666667, 45.33333333333333, 42.66666666666667, 43.62666666666667]","[1.9807564835799367, 1.9418230558696545, 1.8280018819005865, 1.821989749607287, 1.8197904197793258]","[1.9982637668910779, 1.8975656848204763, 1.865793830470035, 1.8454537705371254, 1.8219649038816754]","[2.003808485834222, 1.8875742146843357, 1.9012471061003835, 1.8193660158860057, 1.787622702749152]","[1.9881943087828786, 1.9106736622358624, 1.8655196679265875, 1.795361042022705, 1.780982161823072]","[1.9994811823493557, 1.845652605357923, 1.7977093332692196, 1.761783756707844, 1.7650991866463108]",0.0,0.0,0.0,0.0,-0.0004850368212223,0.0,0.0,0.0,0.0,0.0,0.0,0.4602,0.0,{},{},{},{},{},{},16.961534023284912,17.243577480316162,17.297506093978882,17.02556347846985,16.711389780044556,0,0,0,0,0,0,0,0,0,0,0.4423983097076416,,,0
28,28,28,28,28,28,28,28,28,28,7.1653876811722625,36.44343043164222,39.49258839805606,0.1829165295926813,38.35950672301527,1.8720909118652345,1.881879428813332,1.8328457506079423,1.8686181946804648,1.8386841472826505,"[35.333333333333336, 37.333333333333336, 38.0, 37.333333333333336, 43.693333333333335]","[54.0, 49.333333333333336, 50.0, 44.0, 45.13333333333333]","[48.0, 49.333333333333336, 49.333333333333336, 49.333333333333336, 45.026666666666664]","[51.33333333333333, 50.0, 47.333333333333336, 50.66666666666667, 44.24]","[38.666666666666664, 39.33333333333333, 40.666666666666664, 40.666666666666664, 44.64]","[1.9781922352941412, 1.8838698173824109, 1.8000433068526418, 1.8807823657989502, 1.8175668339980275]","[2.1080756124697233, 1.8945586555882503, 1.834006993394149, 1.787848616901197, 1.7849072657133405]","[1.9209626411136829, 1.851784856695878, 1.8013288033635992, 1.7830589821464138, 1.8070934697201377]","[1.9876088594135486, 1.8991886440076327, 1.774170800259239, 1.8990082113366378, 1.7831144583852667]","[1.9993577066220736, 1.8028020419572528, 1.7966403271022595, 1.812125758120888, 1.7824949026107788]",0.0,0.0,0.0,0.0,-0.0004850368212223,0.0,0.0,0.0,0.0,0.0,0.0,0.4654,0.0,{},{},{},{},{},{},16.884729623794556,17.3334481716156,17.48145079612732,17.2071852684021,17.45173931121826,0,0,0,0,0,0,0,0,0,0,0.4348347187042236,,,0
29,29,29,29,29,29,29,29,29,29,7.6053876811722585,9.207481482930335,9.883325855051865,0.0310617416665213,38.719506723015265,1.8684087652909127,1.8734712638353048,1.8313595043985464,1.8438934338720216,1.828648836989152,"[40.0, 42.66666666666667, 39.33333333333333, 42.0, 44.13333333333333]","[44.666666666666664, 40.666666666666664, 42.66666666666667, 40.666666666666664, 44.76]","[44.666666666666664, 48.0, 49.333333333333336, 47.333333333333336, 42.84]","[47.333333333333336, 44.0, 43.333333333333336, 45.33333333333333, 44.4]","[40.666666666666664, 44.0, 42.0, 46.0, 45.0]","[2.001281744555423, 1.8451701590889378, 1.8914399899934466, 1.7684599725823653, 1.835691960234391]","[1.9959244037929333, 1.9349858384383352, 1.7675432029523348, 1.8894031988947015, 1.7794996750982184]","[1.9668313139363338, 1.8306940793991089, 1.8429732448176335, 1.727241691790129, 1.7890571920495284]","[1.9260685632103367, 1.90243619366696, 1.7989742881373356, 1.8194802936754728, 1.7725078306700055]","[1.947862800798918, 1.806549310684204, 1.7921257520976819, 1.7997267120762874, 1.7969796092886674]",0.0,0.0,0.0,0.0,-0.0004850368212223,0.0,0.0,0.0,0.0,0.0,0.0,0.4653,0.0,{},{},{},{},{},{},17.10689377784729,17.145071744918823,17.536224365234375,17.305187225341797,17.643506050109863,0,0,0,0,0,0,0,0,0,0,0.3473608493804931,,,0
30,30,30,30,30,30,30,30,30,30,7.805387681172265,8.980814816263676,38.83925506472276,0.1562498629260176,39.15950672301527,1.8789151166614733,1.8838871617066235,1.872534316464474,1.860780378391868,1.7681492341192149,"[42.66666666666667, 40.0, 41.333333333333336, 40.0, 44.333333333333336]","[38.666666666666664, 42.0, 39.33333333333333, 42.0, 44.53333333333334]","[42.0, 44.0, 44.0, 42.0, 44.373333333333335]","[42.0, 43.333333333333336, 42.66666666666667, 41.333333333333336, 44.21333333333333]","[44.0, 41.333333333333336, 46.0, 41.333333333333336, 45.440000000000005]","[2.022569273647509, 1.9079506522730778, 1.8492238270609003, 1.7733708243621022, 1.8414610059637773]","[1.9889199859217594, 1.8669433405524807, 1.9332635026229055, 1.8075597725416486, 1.8227492068943225]","[1.9398670698467053, 1.8956500417307804, 1.8704073491849398, 1.7915740264089484, 1.8651730951509977]","[1.95514640682622, 1.878265192634181, 1.8068397923519737, 1.8882529359114797, 1.7753975642354864]","[1.8680969602183293, 1.7592395920502513, 1.7460674298437018, 1.7023235684946965, 1.765018619989094]",0.0,0.0,0.0,0.0,-0.0004850368212223,0.0,0.0,0.0,0.0,0.0,0.0,0.4646,0.0,{},{},{},{},{},{},17.670824766159058,16.859363079071045,17.39367151260376,17.380999326705933,17.45834493637085,0,0,0,0,0,0,0,0,0,0,0.4397616386413574,,,0
31,31,31,31,31,31,31,31,31,31,7.4320543478389265,8.841993077499364,8.9877835084745,0.2310617416665259,38.506173389681926,1.9111849910334533,1.8575234438243664,1.8739700580898084,1.868843544156928,1.8193994660126536,"[42.0, 40.0, 42.66666666666667, 43.333333333333336, 43.96]","[39.33333333333333, 40.666666666666664, 39.33333333333333, 40.0, 43.93333333333334]","[50.0, 50.0, 48.0, 48.0, 42.053333333333335]","[42.66666666666667, 42.66666666666667, 43.333333333333336, 44.666666666666664, 44.6]","[48.0, 46.0, 42.0, 43.333333333333336, 44.78666666666667]","[2.0974205293153463, 1.9406295889302303, 1.8544362720690275, 1.874228464929681, 1.7892100999229832]","[1.9423093795776367, 1.9115037353415238, 1.8173034755807174, 1.777960689444291, 1.8385399391776638]","[1.9882660539526689, 1.8874967035494352, 1.8462782784512168, 1.8499433178650706, 1.7978659366306506]","[1.9575345955396954, 1.9839039225327342, 1.8431633208927356, 1.7822968206907575, 1.7773190611287166]","[2.001416338117499, 1.813569884551199, 1.779228128884968, 1.7607998283285844, 1.7419831501810175]",0.0,0.0,0.0,0.0,-0.0004850368212223,0.0,0.0,0.0,0.0,0.0,0.0,0.4645,0.0,{},{},{},{},{},{},17.375054597854614,17.42853355407715,17.174954891204834,17.1606388092041,17.034297227859497,0,0,0,0,0,0,0,0,0,0,0.5172371864318848,,,0
32,32,32,32,32,32,32,32,32,32,8.178721014505589,8.834148149597008,39.452588398056065,0.2762498629260186,38.31950672301527,1.8824531781046017,1.8889557436892863,1.8561781444047625,1.846620011329651,1.8423796691392595,"[39.33333333333333, 41.333333333333336, 42.66666666666667, 41.333333333333336, 44.70666666666666]","[40.666666666666664, 41.333333333333336, 38.666666666666664, 42.66666666666667, 44.38666666666667]","[48.0, 47.333333333333336, 47.333333333333336, 46.0, 44.98666666666667]","[44.0, 42.66666666666667, 43.333333333333336, 46.0, 44.333333333333336]","[44.0, 39.33333333333333, 39.33333333333333, 40.666666666666664, 44.6]","[1.95410062137403, 1.9103866313633167, 1.877662652417233, 1.8330286302064593, 1.837087355161968]","[2.036896912675155, 1.8518412991573936, 1.8466754649814807, 1.8475461257131476, 1.8618189159192537]","[1.9646847875494706, 1.9065282031109458, 1.8369173438925492, 1.7794935640535856, 1.793266823417262]","[1.9984919836646633, 1.821326167959916, 1.8180310475198846, 1.8055373242026882, 1.7897135333011025]","[1.9463438611281545, 1.8978802906839471, 1.7711708169234426, 1.785290799642864, 1.8112125773178904]",0.0,0.0,0.0,0.0,-0.0004850368212223,0.0,0.0,0.0,0.0,0.0,0.0,0.4663,0.0,{},{},{},{},{},{},16.988744974136353,17.216654777526855,17.14999747276306,17.334580898284912,17.014599561691284,0,0,0,0,0,0,0,0,0,0,0.4382433891296386,,,0
33,33,33,33,33,33,33,33,33,33,6.8987210145055915,9.234148149597008,39.3859217313894,37.471282465627,38.6128400563486,1.865442465481005,1.8580480500271448,1.8676195169750007,1.914038181304932,1.8494436816165325,"[38.666666666666664, 38.666666666666664, 36.0, 40.666666666666664, 43.42666666666667]","[48.66666666666667, 48.66666666666667, 47.333333333333336, 45.33333333333333, 44.78666666666667]","[45.33333333333333, 44.666666666666664, 44.0, 48.0, 44.92]","[50.0, 51.33333333333333, 46.666666666666664, 50.0, 45.093333333333334]","[54.0, 52.0, 49.333333333333336, 49.333333333333336, 44.89333333333334]","[1.9437112557260614, 1.904435590693825, 1.8770714747278314, 1.8099623416599475, 1.7920316645973606]","[2.026318995576156, 1.8272140653509843, 1.8556784830595319, 1.7733808755874634, 1.8076478305615877]","[2.008642083720157, 1.8424909491288035, 1.8755724932018079, 1.8591155692150718, 1.7522764896091663]","[2.0357336621535453, 1.9174486586922093, 1.8319978086571944, 1.9421088821009587, 1.8429018949207507]","[2.084845881713064, 1.7900539636611938, 1.777814883934824, 1.8083641591824984, 1.7861395195910805]",0.0,0.0,0.0,0.0,-0.0004850368212223,0.0,0.0,0.0,0.0,0.0,0.0,0.469,0.0,{},{},{},{},{},{},16.852998971939087,17.004395246505737,17.3493595123291,17.15078043937683,16.980279684066772,0,0,0,0,0,0,0,0,0,0,0.4353334903717041,,,0
34,34,34,34,34,34,34,34,34,34,7.352054347838926,37.64343043164222,39.49258839805606,37.84461579896034,39.61284005634859,1.8846665407481944,1.859721417176096,1.9324836843892144,1.8733186207319563,1.8120213721927845,"[45.33333333333333, 45.33333333333333, 42.66666666666667, 38.666666666666664, 43.88]","[46.666666666666664, 49.333333333333336, 50.66666666666667, 50.0, 46.33333333333333]","[44.0, 42.0, 46.0, 43.333333333333336, 45.026666666666664]","[52.666666666666664, 52.666666666666664, 53.333333333333336, 52.666666666666664, 45.46666666666667]","[44.666666666666664, 44.666666666666664, 43.333333333333336, 42.0, 45.89333333333334]","[1.9602370513112921, 1.9230546072909707, 1.8235701448039006, 1.8355215536920648, 1.8809493466427452]","[2.0730848688828316, 1.7992200224023116, 1.8279756935019242, 1.7910630702972412, 1.8072634307961715]","[2.0737422390988, 1.9700858279278404, 1.9154555232901322, 1.874517378054167, 1.8286174535751343]","[1.9905932200582404, 1.8352552652359009, 1.829090626616227, 1.8265753419775712, 1.885078649771841]","[1.9552960897746838, 1.7805884700072439, 1.7573735588475277, 1.8318127393722534, 1.7350360029622127]",0.0,0.0,0.0,0.0,-0.0004850368212223,0.0,0.0,0.0,0.0,0.0,0.0,0.4703,0.0,{},{},{},{},{},{},17.10534381866455,17.0561466217041,16.905930995941162,17.095573902130127,17.297905683517456,0,0,0,0,0,0,0,0,0,0,0.4158532619476318,,,0
35,35,35,35,35,35,35,35,35,35,8.605387681172258,36.85676376497556,40.172588398056064,38.724615798960336,9.066696600543546,1.890361035497565,1.8689934404272783,1.8516978527370247,1.8977297180577328,1.8151121980265568,"[43.333333333333336, 44.0, 43.333333333333336, 43.333333333333336, 45.13333333333333]","[45.33333333333333, 40.666666666666664, 42.66666666666667, 41.333333333333336, 45.54666666666667]","[43.333333333333336, 44.0, 44.0, 41.333333333333336, 45.70666666666667]","[58.666666666666664, 56.00000000000001, 57.333333333333336, 53.333333333333336, 46.34666666666667]","[44.0, 46.0, 47.333333333333336, 46.666666666666664, 43.44]","[2.068674583184092, 1.8985633599130731, 1.8453552158255326, 1.8537655378642834, 1.785446480700844]","[2.0359341219851843, 1.8399400522834377, 1.834955422501815, 1.8050575068122463, 1.8290800985537077]","[2.0094974793885885, 1.8321049589859812, 1.7955127327065719, 1.811893758020903, 1.8094803345830817]","[2.0136032606426038, 1.8891035506599827, 1.8550655967310856, 1.8668402433395386, 1.8640359389154535]","[2.0139115923329403, 1.7697611670745046, 1.7898793471486945, 1.7750230462927568, 1.7269858372838873]",0.0,0.0,0.0,0.0,-0.0004850368212223,0.0,0.0,0.0,0.0,0.0,0.0,0.481,0.0,{},{},{},{},{},{},16.836530447006226,16.979528665542603,16.715657711029053,16.993786096572876,16.391472816467285,0,0,0,0,0,0,0,0,0,0,0.4291613101959228,,,0
36,36,36,36,36,36,36,36,36,36,8.67205434783893,36.750097098308885,38.705921731389395,38.73794913229367,40.13284005634858,1.8862177760977488,1.914382075008593,1.851427842441358,1.861383308862385,1.823766871502525,"[52.0, 50.0, 50.0, 48.66666666666667, 45.2]","[45.33333333333333, 46.666666666666664, 47.333333333333336, 44.666666666666664, 45.440000000000005]","[49.333333333333336, 47.333333333333336, 48.0, 48.66666666666667, 44.24]","[46.0, 40.666666666666664, 46.0, 42.66666666666667, 46.36]","[46.666666666666664, 44.666666666666664, 46.666666666666664, 46.0, 46.413333333333334]","[2.0126668842215287, 1.8919741229007119, 1.8847644391812777, 1.7822309795178866, 1.8594524546673423]","[2.0960876627972254, 1.9469965884560032, 1.8306504237024408, 1.8617470640885203, 1.836428635998776]","[1.9689718673103733, 1.8527526290793168, 1.8139579986271106, 1.822828355588411, 1.7986283616015786]","[2.032976595978988, 1.868253136935987, 1.8540064974835044, 1.7555544188148098, 1.796125895098636]","[2.012076603738885, 1.7976780251452797, 1.7499464248356067, 1.7793475954156173, 1.7797857083772357]",0.0,0.0,0.0,0.0,-0.0004850368212223,0.0,0.0,0.0,0.0,0.0,0.0,0.4771,0.0,{},{},{},{},{},{},17.13241720199585,17.718695402145386,16.973490953445435,17.117954969406128,17.277729272842407,0,0,0,0,0,0,0,0,0,0,0.2830667495727539,,,0
37,37,37,37,37,37,37,37,37,37,7.792054347838926,37.00343043164222,39.09258839805607,39.00461579896034,40.22617338968192,1.888844722195676,1.8748636258275888,1.818061557569002,1.8443810350016543,1.8485932814447503,"[48.0, 46.666666666666664, 48.0, 46.666666666666664, 44.32]","[42.0, 44.0, 46.666666666666664, 45.33333333333333, 45.693333333333335]","[48.0, 46.666666666666664, 48.0, 42.66666666666667, 44.626666666666665]","[46.0, 43.333333333333336, 44.0, 44.0, 46.626666666666665]","[50.0, 48.0, 49.333333333333336, 49.333333333333336, 46.50666666666667]","[1.9702673585791337, 1.9132807003824335, 1.875722471036409, 1.8079977349231118, 1.8769553460572894]","[2.019303146161531, 1.855460668865003, 1.857739624224211, 1.8188760468834324, 1.8229386430037648]","[1.9043041279441433, 1.8110847096694143, 1.7798182964324951, 1.8012408143595646, 1.793859839439392]","[2.0587774201443323, 1.8275090895201032, 1.744240585126375, 1.8002253268894397, 1.7911527533280223]","[1.982844446834765, 1.8228729524110492, 1.8448048202615035, 1.7809131772894609, 1.811531010426973]",0.0,0.0,0.0,0.0,-0.0004850368212223,0.0,0.0,0.0,0.0,0.0,0.0,0.4806,0.0,{},{},{},{},{},{},16.70118546485901,17.205275058746338,17.417932510375977,17.246172428131104,17.473195552825928,0,0,0,0,0,0,0,0,0,0,0.4191856384277344,,,0
38,38,38,38,38,38,38,38,38,38,37.886372735069244,37.47009709830889,40.23925506472275,39.16461579896034,39.93284005634859,1.879019584153828,1.8469247428994429,1.8706955031344763,1.858179354667664,1.841891108061138,"[48.66666666666667, 50.0, 49.333333333333336, 44.666666666666664, 46.57333333333333]","[48.66666666666667, 49.333333333333336, 47.333333333333336, 47.333333333333336, 46.160000000000004]","[51.33333333333333, 50.0, 52.666666666666664, 50.0, 45.77333333333333]","[43.333333333333336, 42.66666666666667, 44.666666666666664, 43.333333333333336, 46.78666666666666]","[49.333333333333336, 49.333333333333336, 49.333333333333336, 48.0, 46.21333333333333]","[1.9880757143622951, 1.949951360100194, 1.8496660496059216, 1.7944219488846629, 1.8129828478160657]","[1.9701857378608303, 1.8518421336224204, 1.8364829452414262, 1.7412035716207404, 1.8349093261517977]","[1.9835193659129895, 1.8593354287900423, 1.8223423204923932, 1.8561036586761475, 1.8321767418008101]","[1.9223612107728656, 1.8741360087143748, 1.8645056360646297, 1.7778947729813426, 1.8519991448051052]","[1.963147847275985, 1.83152080837049, 1.8509593574624312, 1.8023407961192883, 1.7614867310774953]",0.0,0.0,0.0,0.0,-0.0004850368212223,0.0,0.0,0.0,0.0,0.0,0.0,0.4857,0.0,{},{},{},{},{},{},16.777467727661133,17.70716094970703,17.691826581954956,16.894712448120117,16.40179991722107,0,0,0,0,0,0,0,0,0,0,0.3446884155273437,,,0
39,39,39,39,39,39,39,39,39,39,8.832054347838925,36.29676376497556,40.065921731389395,39.097949132293664,0.0183802601159118,1.885969298764279,1.8446474138059112,1.8909507701271453,1.8347246496300944,1.8097277076620808,"[48.0, 48.0, 48.66666666666667, 46.0, 45.36]","[48.0, 41.333333333333336, 44.666666666666664, 42.66666666666667, 44.98666666666667]","[44.0, 47.333333333333336, 44.0, 47.333333333333336, 45.6]","[50.0, 50.0, 49.333333333333336, 50.0, 46.72]","[42.66666666666667, 42.66666666666667, 40.666666666666664, 40.0, 44.080000000000005]","[2.0371518762488114, 1.8665901359758879, 1.901273056080467, 1.8055557389008372, 1.8192756866153919]","[1.9752678933896517, 1.8530169098000777, 1.7931525895470066, 1.802418407640959, 1.799381268651862]","[1.970247369063528, 1.9057366346058093, 1.900388435313576, 1.8487911224365234, 1.8295902892162925]","[2.0268217513435767, 1.8034903752176386, 1.785355291868511, 1.8169558612923873, 1.7409999684283608]","[1.9366063506979692, 1.8240445915021395, 1.7450783817391646, 1.8148484794717086, 1.7280607348994206]",0.0,0.0,0.0,0.0,-0.0004850368212223,0.0,0.0,0.0,0.0,0.0,0.0,0.4773,0.0,{},{},{},{},{},{},17.213003873825073,17.167821407318115,17.54193687438965,16.865778923034668,17.56528949737549,0,0,0,0,0,0,0,0,0,0,0.3308162689208984,,,0
40,40,40,40,40,40,40,40,40,40,9.085387681172268,37.29676376497555,40.55925506472272,38.071282465627014,0.0050469267825693,1.8859856015757512,1.8680967406222693,1.870612297560039,1.8519379778912195,1.8345741146489192,"[44.0, 44.666666666666664, 42.66666666666667, 43.333333333333336, 45.61333333333334]","[49.333333333333336, 50.0, 52.0, 52.666666666666664, 45.986666666666665]","[48.66666666666667, 46.0, 45.33333333333333, 48.0, 46.093333333333334]","[45.33333333333333, 44.666666666666664, 44.0, 49.333333333333336, 45.693333333333335]","[45.33333333333333, 46.0, 47.333333333333336, 45.33333333333333, 44.06666666666666]","[1.9190955350273533, 1.9352023601531982, 1.856613880709598, 1.8514032928567183, 1.8676129391318874]","[2.0111618041992188, 1.8479056923012984, 1.8437436756334806, 1.8224968721992092, 1.8151756587781405]","[1.9075885634673269, 1.907472855166385, 1.8535374214774685, 1.808226045809294, 1.8762366018797223]","[1.9822797273334705, 1.8830977615557218, 1.8338194646333392, 1.7966860219051963, 1.7638069140283685]","[1.9169982859962864, 1.8097564483943738, 1.8446450860876786, 1.8287017408170199, 1.772769011949238]",51.03175776224165,48.58437679664876,53.27677289780375,44.899819673039126,48.8590594082449,50.000000000000014,49.66666666666666,52.66666666666667,45.00000000000001,50.0,49.79370794351403,0.4812,50.07333333333334,{},{},{},{},{},{},16.683445692062378,16.660420894622803,17.284899711608887,17.07581400871277,16.641177892684937,0,0,0,0,0,0,0,0,0,0,0.3633668422698974,,,0
41,41,41,41,41,41,41,41,41,41,37.766372735069254,38.390097098308885,41.8259217313894,39.03128246562701,39.91950672301525,1.8985008867163409,1.8688375084023725,1.804108273355584,1.8243899395591328,1.8801891991966648,"[44.666666666666664, 44.0, 43.333333333333336, 42.66666666666667, 46.45333333333333]","[40.0, 44.0, 44.0, 44.0, 47.08]","[44.666666666666664, 44.666666666666664, 45.33333333333333, 45.33333333333333, 47.36]","[52.0, 48.66666666666667, 47.333333333333336, 46.0, 46.653333333333336]","[45.33333333333333, 44.0, 43.333333333333336, 46.0, 46.2]","[1.929199168556615, 1.9310801593880904, 1.9043338298797607, 1.8972831901751066, 1.8306080855821307]","[2.0310026281758358, 1.8435918845628436, 1.8152322957390232, 1.7977350636532432, 1.8566256698809172]","[1.8978077675166882, 1.7886358750493903, 1.7997146217446578, 1.7717674845143367, 1.7626156179528487]","[2.029685641589918, 1.8973385032854582, 1.7465124883149798, 1.748395932348151, 1.7000171322571604]","[2.1008313141371073, 1.900853200962669, 1.8230284640663548, 1.8154478073120117, 1.7607852095051815]",51.03175776224165,49.584376796648776,50.610106231137095,49.56648633970578,49.8590594082449,49.99999999999999,50.66666666666667,50.0,49.66666666666666,51.0,49.91370794351403,0.4871,50.19333333333332,{},{},{},{},{},{},16.807818174362183,17.07375431060791,16.948526620864868,17.003432512283325,16.855026245117188,0,0,0,0,0,0,0,0,0,0,0.4140510559082031,,,0
42,42,42,42,42,42,42,42,42,42,37.726372735069255,39.08343043164221,38.265921731389405,40.37794913229367,39.62617338968192,1.9127777664284955,1.8092310165104115,1.882309864696704,1.847852721967196,1.9123771855705665,"[49.333333333333336, 51.33333333333333, 48.66666666666667, 46.0, 46.413333333333334]","[51.33333333333333, 51.33333333333333, 53.333333333333336, 50.66666666666667, 47.77333333333333]","[52.0, 51.33333333333333, 48.66666666666667, 49.333333333333336, 43.8]","[44.666666666666664, 45.33333333333333, 47.333333333333336, 43.333333333333336, 48.0]","[43.333333333333336, 40.666666666666664, 40.0, 40.666666666666664, 45.906666666666666]","[2.037800537912469, 1.891306011300338, 1.9278895541241294, 1.8559115936881618, 1.8509811351173802]","[1.9600526470887034, 1.8255079733697992, 1.7647338415447034, 1.751777498345626, 1.7440831222032245]","[1.992079025820682, 1.8810499530089528, 1.800079251590528, 1.8784995580974377, 1.8598415349659168]","[2.0374000386187903, 1.8535469331239398, 1.8175953752116154, 1.7672422308670848, 1.7634790320145457]","[2.0705521734137284, 1.9298688988936574, 1.8502141927417957, 1.9183158811769987, 1.7929347816266512]",50.03175776224165,48.25104346331544,53.94343956447043,51.23315300637245,46.52572607491157,48.99999999999999,49.333333333333336,53.333333333333336,51.33333333333333,47.66666666666667,49.88037461018069,0.4874,50.16,{},{},{},{},{},{},16.616872310638428,16.274006128311157,16.92121911048889,16.487041234970093,16.4122576713562,0,0,0,0,0,0,0,0,0,0,0.4059062004089355,,,0
43,43,43,43,43,43,43,43,43,43,38.806372735069246,37.99009709830889,41.21258839805607,39.53794913229367,42.706173389681915,1.8869390889217976,1.804018040707237,1.836922244021767,1.897827198630885,1.818310944657577,"[47.333333333333336, 49.333333333333336, 48.0, 42.66666666666667, 47.49333333333333]","[43.333333333333336, 40.666666666666664, 41.333333333333336, 44.0, 46.68]","[56.00000000000001, 54.0, 51.33333333333333, 50.0, 46.74666666666666]","[46.666666666666664, 45.33333333333333, 47.333333333333336, 46.0, 47.160000000000004]","[45.33333333333333, 43.333333333333336, 42.66666666666667, 44.0, 48.986666666666665]","[2.0024515264912655, 1.8730615000975759, 1.8553005394182707, 1.8385998826277883, 1.865281995974089]","[1.9131459311435097, 1.8332950817911249, 1.7741848230361938, 1.7843957825710899, 1.715068584994266]","[2.005021045082494, 1.8598429654773914, 1.7747370443846051, 1.7826674674686633, 1.762342697695682]","[2.029093347097698, 1.9740097585477328, 1.8379762988341481, 1.8295691264303107, 1.8184874622445357]","[1.9834908560702675, 1.8165022197522616, 1.7878598602194535, 1.753248929977417, 1.750452857268484]",50.03175776224165,47.584376796648776,51.610106231137095,52.56648633970578,48.8590594082449,48.99999999999999,48.66666666666667,51.0,52.66666666666666,49.99999999999999,49.98704127684736,0.4917,50.26666666666667,{},{},{},{},{},{},17.565124034881592,16.849326133728027,17.236048936843872,16.344736337661743,16.825950145721436,0,0,0,0,0,0,0,0,0,0,0.4172103404998779,,,0
44,44,44,44,44,44,44,44,44,44,37.966372735069264,37.243430431642224,41.172588398056064,38.897949132293675,41.559506723015254,1.9105912497169093,1.7765471470983405,1.900666509176556,1.828230091145164,1.8431691684220963,"[54.0, 50.0, 48.66666666666667, 50.0, 46.653333333333336]","[45.33333333333333, 46.0, 46.666666666666664, 44.666666666666664, 45.93333333333333]","[50.0, 50.66666666666667, 46.666666666666664, 44.666666666666664, 46.70666666666667]","[48.0, 51.33333333333333, 45.33333333333333, 44.666666666666664, 46.52]","[44.0, 40.666666666666664, 41.333333333333336, 40.0, 47.839999999999996]","[2.040235425296583, 1.9428432175987644, 1.87511061994653, 1.8412929961555882, 1.853473989587081]","[1.9037813575644242, 1.7425416268800433, 1.7481838966670789, 1.7288755178451538, 1.759353336535002]","[2.062069303111026, 1.8608982500277067, 1.8620899664728265, 1.874262903866015, 1.8440121224052028]","[1.965536813986929, 1.8013140276858681, 1.8165773906205829, 1.794189741736964, 1.7635324816954763]","[1.945249174770556, 1.7985059524837292, 1.863275540502448, 1.7870329430228786, 1.8217822313308716]",50.69842442890831,47.25104346331544,49.27677289780377,52.56648633970578,48.52572607491156,49.66666666666667,48.333333333333336,48.66666666666666,52.66666666666666,49.66666666666667,49.86704127684736,0.4993,50.14666666666666,{},{},{},{},{},{},16.727243900299072,16.582898378372192,17.333500862121582,16.743687868118286,17.111567735671997,0,0,0,0,0,0,0,0,0,0,0.5235636234283447,,,0
45,45,45,45,45,45,45,45,45,45,39.059706068402576,38.89676376497556,41.31925506472274,39.13794913229368,39.972840056348595,1.9441939353942872,1.854444171253004,1.8259363350115323,1.824709563506277,1.8079257199638767,"[52.0, 51.33333333333333, 50.0, 46.666666666666664, 47.74666666666666]","[54.0, 56.00000000000001, 57.99999999999999, 56.00000000000001, 47.586666666666666]","[38.666666666666664, 37.333333333333336, 38.0, 37.333333333333336, 46.85333333333334]","[54.666666666666664, 54.0, 53.333333333333336, 56.00000000000001, 46.760000000000005]","[46.666666666666664, 48.0, 46.0, 42.0, 46.25333333333334]","[1.971778298679151, 1.9743797277149402, 1.975645943691856, 1.932154279006155, 1.8670114278793335]","[2.023390067251105, 1.8868674792741473, 1.7905537140996832, 1.768735226831938, 1.802674368808144]","[1.9401028783697831, 1.795805767962807, 1.795997469048751, 1.7924057684446637, 1.8053697912316573]","[1.949295213347987, 1.7958194142893742, 1.8181574909310592, 1.7452924753490247, 1.8149832236139398]","[1.9116698252527338, 1.8893567009976036, 1.7541059569308632, 1.7418375642676103, 1.7426585523705733]",51.36509109557498,49.917710129982105,53.610106231137095,46.23315300637245,46.8590594082449,50.33333333333333,50.99999999999999,52.99999999999999,46.33333333333333,48.0,49.820374610180686,0.4984,50.1,{},{},{},{},{},{},16.59763526916504,16.250284433364868,16.68733549118042,16.331164598464966,16.4619197845459,0,0,0,0,0,0,0,0,0,0,0.4117052555084228,,,0
46,46,46,46,46,46,46,46,46,46,38.526372735069245,39.59009709830889,42.41258839805606,39.991282465627016,42.13284005634858,1.951631064164011,1.8069886019355368,1.8365734414050447,1.8304081866615696,1.8413617083900853,"[42.66666666666667, 42.0, 43.333333333333336, 47.333333333333336, 47.21333333333334]","[46.0, 44.666666666666664, 44.666666666666664, 44.666666666666664, 48.28]","[47.333333333333336, 50.66666666666667, 50.0, 47.333333333333336, 47.946666666666665]","[56.666666666666664, 51.33333333333333, 56.666666666666664, 56.00000000000001, 47.61333333333334]","[54.0, 54.666666666666664, 53.333333333333336, 48.0, 48.413333333333334]","[2.020285073079561, 1.970062161746778, 1.9377926337091547, 1.9190761478323686, 1.9109393044521934]","[1.9487079130975824, 1.8865692991959422, 1.7787401864403172, 1.729957982113487, 1.6909676288303577]","[1.9591889569633885, 1.8977903441378945, 1.768276804371884, 1.7479721809688367, 1.809638920583223]","[1.9731527692393254, 1.842535087936803, 1.799884507530614, 1.7909870084963346, 1.7454815601047717]","[1.9745937083896838, 1.8762795548689992, 1.8244899825045937, 1.7668018466547917, 1.7646434495323582]",50.69842442890831,50.917710129982105,52.94343956447042,51.5664863397058,48.8590594082449,49.66666666666667,52.0,52.33333333333333,51.66666666666666,49.99999999999999,49.91370794351403,0.5024,50.193333333333335,{},{},{},{},{},{},16.462612628936768,16.668993949890137,16.663742780685425,17.12998938560486,16.939651012420654,0,0,0,0,0,0,0,0,0,0,0.4252405166625976,,,0
47,47,47,47,47,47,47,47,47,47,38.96637273506924,39.88343043164223,42.545921731389406,39.577949132293675,42.586173389681925,1.9268805165039864,1.846820680718673,1.8300844845018889,1.799880273718583,1.7627152518222209,"[46.0, 45.33333333333333, 46.666666666666664, 45.33333333333333, 47.65333333333333]","[45.33333333333333, 44.0, 41.333333333333336, 42.0, 48.57333333333334]","[48.0, 48.66666666666667, 48.66666666666667, 49.333333333333336, 48.08]","[55.333333333333336, 51.33333333333333, 49.333333333333336, 46.666666666666664, 47.199999999999996]","[50.0, 47.333333333333336, 44.666666666666664, 46.666666666666664, 48.86666666666667]","[2.0626138197748283, 1.9886484334343357, 1.8536828066173352, 1.853636992605109, 1.8758205300883244]","[1.9931055181904842, 1.764011590104354, 1.8287682282297235, 1.8343066228063483, 1.8139114442624544]","[1.946892957938345, 1.8333337118751125, 1.7765550864370245, 1.8004454186088161, 1.7931952476501465]","[1.9396724512702541, 1.760601326038963, 1.7933369561245567, 1.7553947536568892, 1.7503958815022518]","[1.8681867561842267, 1.7811641755856966, 1.772649652079532, 1.7098134756088257, 1.6817621996528225]",48.03175776224165,46.917710129982105,50.610106231137095,49.23315300637245,48.19239274157824,47.0,48.0,49.99999999999999,49.33333333333334,49.33333333333333,49.87370794351403,0.5008,50.153333333333336,{},{},{},{},{},{},16.96733260154724,16.712570428848267,16.677669525146484,17.14827847480774,16.948756456375122,0,0,0,0,0,0,0,0,0,0,0.5157945156097412,,,0
48,48,48,48,48,48,48,48,48,48,38.486372735069246,39.00343043164222,43.372588398056074,40.257949132293675,43.039506723015265,1.903978211001346,1.8141956366990744,1.84036542490909,1.8306842214182804,1.846752816752384,"[53.333333333333336, 50.0, 50.0, 48.0, 47.17333333333333]","[48.0, 50.66666666666667, 49.333333333333336, 49.333333333333336, 47.693333333333335]","[54.666666666666664, 54.0, 52.0, 52.666666666666664, 48.906666666666666]","[49.333333333333336, 46.666666666666664, 47.333333333333336, 48.66666666666667, 47.88]","[49.333333333333336, 51.33333333333333, 48.0, 49.333333333333336, 49.32]","[2.0677045646466707, 1.8197151297017147, 1.8838861114100407, 1.898483483414901, 1.850101765833403]","[2.0183022022247314, 1.7895455172187404, 1.7743689198242991, 1.786434807275471, 1.702326736952129]","[1.9874666866503263, 1.8514115433943898, 1.8412422631916248, 1.7621812067533795, 1.7595254245557284]","[1.962694801782307, 1.8357666981847662, 1.854461017407869, 1.7709211424777382, 1.7295774472387213]","[1.9671948897211176, 1.848694826427259, 1.7920488119125366, 1.7768013853775828, 1.849024170323422]",51.698424428908325,50.917710129982105,48.610106231137095,48.23315300637245,49.52572607491157,50.66666666666667,52.0,48.0,48.333333333333336,50.66666666666666,49.88037461018069,0.5091,50.16,{},{},{},{},{},{},16.60081195831299,16.810363292694092,16.805158853530884,16.26988983154297,16.784437894821167,0,0,0,0,0,0,0,0,0,0,0.4155247211456299,,,0
49,49,49,49,49,49,49,49,49,49,39.73970606840259,39.48343043164222,43.41258839805606,41.65794913229368,42.239506723015275,1.899853026239496,1.784858027257417,1.8806136909284088,1.8929564714431764,1.80699999332428,"[57.333333333333336, 56.00000000000001, 55.333333333333336, 55.333333333333336, 48.42666666666667]","[50.66666666666667, 50.0, 50.66666666666667, 48.66666666666667, 48.17333333333333]","[52.666666666666664, 51.33333333333333, 52.0, 48.66666666666667, 48.946666666666665]","[55.333333333333336, 55.333333333333336, 51.33333333333333, 45.33333333333333, 49.28]","[49.333333333333336, 48.0, 44.666666666666664, 46.666666666666664, 48.52]","[1.988526833684821, 1.908545732498169, 1.8320676653008712, 1.8648285865783691, 1.9052963131352474]","[1.9244305146367926, 1.7577940100117733, 1.7534664430116351, 1.758575765710128, 1.7300234029167576]","[1.984137635481985, 1.9062880967792712, 1.8464481014954417, 1.8628510801415694, 1.8033435407437777]","[1.9991301109916286, 1.9587912120317157, 1.8433927674042552, 1.8405054493954307, 1.8229628173928512]","[1.9559961557388306, 1.7648440034765946, 1.776573852488869, 1.8125295513554622, 1.7250564035616422]",49.698424428908325,47.584376796648776,52.27677289780377,49.23315300637245,50.52572607491157,48.66666666666667,48.66666666666667,51.66666666666666,49.333333333333336,51.66666666666667,50.10704127684736,0.5111,50.386666666666656,{},{},{},{},{},{},16.21460509300232,16.366309881210327,16.643476009368896,16.456562042236328,16.55672025680542,0,0,0,0,0,0,0,0,0,0,0.4184968471527099,,,0
