,client_accuracy_2,client_accuracy_0,client_accuracy_1,client_accuracy_4,client_accuracy_3,client_accuracy_per_epoch2,client_accuracy_per_epoch0,client_accuracy_per_epoch1,client_accuracy_per_epoch4,client_accuracy_per_epoch3,client_attack_2,client_attack_0,client_attack_1,client_attack_4,client_attack_3,client_auc_2,client_auc_0,client_auc_1,client_auc_4,client_auc_3,server_attack,server_accuracy,server_auc,client_round_duration_2,client_round_duration_0,client_round_duration_1,client_round_duration_4,client_round_duration_3,client_transformation_time_0,client_transformation_time_1,client_transformation_time_2,client_transformation_time_3,client_transformation_time_4,client_transformation_time_5,client_transformation_time_6,client_transformation_time_7,client_transformation_time_8,client_transformation_time_9,server_aggregation_duration,server_model_parameters_memory_usage,server_data_parameters_memory_usage,server_transformation_time
0,23.173333333333336,30.0,23.706666666666667,25.626666666666665,29.92,"[26.666666666666668, 26.666666666666668, 26.666666666666668, 26.666666666666668, 23.173333333333336]","[22.0, 25.333333333333336, 25.333333333333336, 22.0, 30.0]","[29.333333333333332, 29.333333333333332, 29.333333333333332, 29.333333333333332, 23.706666666666667]","[24.0, 24.0, 24.666666666666668, 24.0, 25.626666666666665]","[28.666666666666668, 28.666666666666668, 28.666666666666668, 28.666666666666668, 29.92]",0.0,0.0,0.0,0.0,0.0,0.0,0.0,0.0,0.0,0.0,0.0,0.3764,0.0,15.762681245803833,16.073214530944824,15.892343282699585,15.864708185195923,15.817349672317505,0,0,0,0,0,0,0,0,0,0,0.39057183265686035,,,0
1,33.040000000000006,32.46666666666667,26.16,37.16,32.74666666666667,"[24.666666666666668, 31.333333333333336, 38.666666666666664, 32.0, 33.040000000000006]","[29.333333333333332, 33.33333333333333, 33.33333333333333, 31.333333333333336, 32.46666666666667]","[21.333333333333336, 40.0, 40.0, 38.666666666666664, 26.16]","[24.666666666666668, 24.0, 30.666666666666664, 22.666666666666664, 37.16]","[17.333333333333336, 30.0, 26.666666666666668, 36.0, 32.74666666666667]",0.0,0.0,0.0,0.0,0.0,0.0,0.0,0.0,0.0,0.0,0.0,0.3435,0.0,16.05937099456787,15.665245771408081,15.816522121429443,15.810077428817749,15.847988605499268,0,0,0,0,0,0,0,0,0,0,0.4015035629272461,,,0
2,41.333333333333336,37.37333333333333,37.28,43.50666666666667,41.906666666666666,"[8.0, 36.0, 40.666666666666664, 41.333333333333336, 41.333333333333336]","[20.666666666666668, 48.0, 44.0, 46.0, 37.37333333333333]","[23.333333333333332, 30.666666666666664, 36.666666666666664, 40.0, 37.28]","[29.333333333333332, 30.0, 28.000000000000004, 36.666666666666664, 43.50666666666667]","[31.333333333333336, 30.0, 36.666666666666664, 39.33333333333333, 41.906666666666666]",0.0,0.0,0.0,0.0,0.0,0.0,0.0,0.0,0.0,0.0,0.0,0.3759,0.0,15.776235580444336,15.891289710998535,15.893600463867188,15.631524324417114,15.836500406265259,0,0,0,0,0,0,0,0,0,0,0.4006617069244385,,,0
3,40.239999999999995,35.28,42.16,42.96,40.61333333333334,"[24.666666666666668, 37.333333333333336, 37.333333333333336, 36.666666666666664, 40.239999999999995]","[25.333333333333336, 35.333333333333336, 35.333333333333336, 34.66666666666667, 35.28]","[35.333333333333336, 34.0, 38.666666666666664, 33.33333333333333, 42.16]","[23.333333333333332, 41.333333333333336, 39.33333333333333, 37.333333333333336, 42.96]","[32.666666666666664, 39.33333333333333, 32.0, 38.0, 40.61333333333334]",0.0,0.0,0.0,0.0,0.0,0.0,0.0,0.0,0.0,0.0,0.0,0.4497,0.0,15.726437330245972,15.890349626541138,15.887431859970093,15.689901351928711,15.900995254516602,0,0,0,0,0,0,0,0,0,0,0.39794373512268066,,,0
4,38.906666666666666,34.239999999999995,43.10666666666666,47.10666666666667,41.6,"[34.0, 38.0, 30.0, 37.333333333333336, 38.906666666666666]","[34.0, 33.33333333333333, 39.33333333333333, 40.666666666666664, 34.239999999999995]","[38.666666666666664, 35.333333333333336, 38.666666666666664, 43.333333333333336, 43.10666666666666]","[30.666666666666664, 34.66666666666667, 34.0, 42.0, 47.10666666666667]","[28.666666666666668, 36.666666666666664, 44.0, 43.333333333333336, 41.6]",0.0,0.0,0.0,0.0,0.0,0.0,0.0,0.0,0.0,0.0,0.0,0.4446,0.0,16.581918716430664,15.776153564453125,16.324074029922485,15.750991106033325,15.772075653076172,0,0,0,0,0,0,0,0,0,0,0.3156168460845947,,,0
5,44.17333333333333,44.32,43.88,58.4,54.266666666666666,"[41.333333333333336, 34.66666666666667, 36.666666666666664, 43.333333333333336, 44.17333333333333]","[46.666666666666664, 52.0, 48.0, 46.666666666666664, 44.32]","[35.333333333333336, 41.333333333333336, 54.0, 56.00000000000001, 43.88]","[33.33333333333333, 52.666666666666664, 51.33333333333333, 50.0, 58.4]","[36.666666666666664, 52.0, 42.0, 64.66666666666666, 54.266666666666666]",0.0,0.0,0.0,0.0,0.0,0.0,0.0,0.0,0.0,0.0,0.0,0.544,0.0,15.595566987991333,15.783263206481934,15.641828298568726,16.043856859207153,16.128448009490967,0,0,0,0,0,0,0,0,0,0,0.393068790435791,,,0
6,60.906666666666666,59.4,56.30666666666667,58.64,58.45333333333333,"[38.666666666666664, 48.66666666666667, 42.66666666666667, 60.0, 60.906666666666666]","[47.333333333333336, 60.0, 57.333333333333336, 52.666666666666664, 59.4]","[38.0, 52.666666666666664, 42.0, 56.00000000000001, 56.30666666666667]","[36.666666666666664, 38.666666666666664, 60.66666666666667, 56.00000000000001, 58.64]","[55.333333333333336, 53.333333333333336, 56.666666666666664, 68.0, 58.45333333333333]",0.0,0.0,0.0,0.0,0.0,0.0,0.0,0.0,0.0,0.0,0.0,0.6484,0.0,15.991469860076904,15.85424256324768,15.735445737838745,15.549914360046387,16.170018196105957,0,0,0,0,0,0,0,0,0,0,0.40123653411865234,,,0
7,44.36,62.03999999999999,59.226666666666674,50.93333333333333,60.89333333333333,"[41.333333333333336, 52.0, 63.33333333333333, 60.0, 44.36]","[42.0, 55.333333333333336, 46.666666666666664, 56.666666666666664, 62.03999999999999]","[36.666666666666664, 61.33333333333333, 59.333333333333336, 62.66666666666667, 59.226666666666674]","[51.33333333333333, 54.0, 58.666666666666664, 53.333333333333336, 50.93333333333333]","[39.33333333333333, 60.66666666666667, 55.333333333333336, 59.333333333333336, 60.89333333333333]",0.0,0.0,0.0,0.0,0.0,0.0,0.0,0.0,0.0,0.0,0.0,0.6324,0.0,15.860980749130249,16.10265064239502,15.480252504348755,15.467487096786499,15.742233276367188,0,0,0,0,0,0,0,0,0,0,0.40956807136535645,,,0
8,61.01333333333333,43.28,59.48,61.82666666666666,59.94666666666667,"[37.333333333333336, 68.0, 53.333333333333336, 64.0, 61.01333333333333]","[57.333333333333336, 54.0, 54.666666666666664, 47.333333333333336, 43.28]","[32.0, 60.66666666666667, 59.333333333333336, 70.0, 59.48]","[57.333333333333336, 54.666666666666664, 68.66666666666667, 63.33333333333333, 61.82666666666666]","[36.666666666666664, 48.66666666666667, 67.33333333333333, 63.33333333333333, 59.94666666666667]",0.0,0.0,0.0,0.0,0.0,0.0,0.0,0.0,0.0,0.0,0.0,0.6817,0.0,15.845931768417358,15.761446237564087,16.02291989326477,15.845257759094238,15.693016290664673,0,0,0,0,0,0,0,0,0,0,0.40537285804748535,,,0
9,66.88,56.39999999999999,53.32,58.21333333333333,55.64,"[39.33333333333333, 77.33333333333333, 54.666666666666664, 62.0, 66.88]","[44.0, 64.0, 54.666666666666664, 61.33333333333333, 56.39999999999999]","[61.33333333333333, 53.333333333333336, 65.33333333333333, 65.33333333333333, 53.32]","[62.0, 63.33333333333333, 68.0, 67.33333333333333, 58.21333333333333]","[47.333333333333336, 64.66666666666666, 56.00000000000001, 54.666666666666664, 55.64]",0.0,0.0,0.0,0.0,0.0,0.0,0.0,0.0,0.0,0.0,0.0,0.6894,0.0,15.999004602432251,15.653618574142456,16.111850261688232,15.730947971343994,16.12432599067688,0,0,0,0,0,0,0,0,0,0,0.3251030445098877,,,0
10,62.36000000000001,58.306666666666665,67.01333333333334,65.06666666666666,65.74666666666667,"[66.0, 71.33333333333334, 51.33333333333333, 65.33333333333333, 62.36000000000001]","[57.333333333333336, 69.33333333333334, 63.33333333333333, 70.0, 58.306666666666665]","[46.666666666666664, 63.33333333333333, 72.0, 69.33333333333334, 67.01333333333334]","[57.99999999999999, 73.33333333333333, 70.66666666666667, 65.33333333333333, 65.06666666666666]","[39.33333333333333, 72.0, 62.66666666666667, 66.66666666666666, 65.74666666666667]",0.0,0.0,0.0,0.0,0.0,0.0,0.0,0.0,0.0,0.0,0.0,0.7243,0.0,15.73041319847107,15.891663074493408,15.996466875076294,15.589451551437378,15.969758987426758,0,0,0,0,0,0,0,0,0,0,0.4014861583709717,,,0
11,66.26666666666667,67.33333333333333,54.38666666666667,54.57333333333333,59.28,"[66.66666666666666, 60.0, 74.0, 70.0, 66.26666666666667]","[49.333333333333336, 43.333333333333336, 69.33333333333334, 57.333333333333336, 67.33333333333333]","[56.666666666666664, 71.33333333333334, 70.66666666666667, 70.0, 54.38666666666667]","[46.666666666666664, 67.33333333333333, 57.99999999999999, 66.66666666666666, 54.57333333333333]","[47.333333333333336, 70.66666666666667, 68.0, 80.0, 59.28]",0.0,0.0,0.0,0.0,0.0,0.0,0.0,0.0,0.0,0.0,0.0,0.722,0.0,15.962323427200317,16.044060945510864,15.604368925094604,16.0289146900177,15.66418719291687,0,0,0,0,0,0,0,0,0,0,0.5162811279296875,,,0
12,65.77333333333333,64.16,65.33333333333333,63.160000000000004,66.72,"[39.33333333333333, 57.99999999999999, 66.0, 82.66666666666667, 65.77333333333333]","[40.666666666666664, 58.666666666666664, 69.33333333333334, 72.66666666666667, 64.16]","[34.0, 46.0, 74.0, 66.0, 65.33333333333333]","[55.333333333333336, 59.333333333333336, 62.66666666666667, 67.33333333333333, 63.160000000000004]","[41.333333333333336, 62.0, 71.33333333333334, 74.0, 66.72]",0.0,0.0,0.0,0.0,0.0,0.0,0.0,0.0,0.0,0.0,0.0,0.7254,0.0,15.617101669311523,16.256762981414795,16.115570783615112,15.951786279678345,16.030391931533813,0,0,0,0,0,0,0,0,0,0,0.3990921974182129,,,0
13,69.26666666666667,66.84,65.64,66.08000000000001,66.94666666666666,"[72.66666666666667, 55.333333333333336, 78.66666666666666, 79.33333333333333, 69.26666666666667]","[66.0, 56.00000000000001, 72.0, 75.33333333333333, 66.84]","[64.66666666666666, 72.66666666666667, 74.66666666666667, 70.66666666666667, 65.64]","[51.33333333333333, 64.0, 66.0, 68.66666666666667, 66.08000000000001]","[50.0, 71.33333333333334, 70.0, 74.0, 66.94666666666666]",0.0,0.0,0.0,0.0,0.0,0.0,0.0,0.0,0.0,0.0,0.0,0.7254,0.0,15.95407748222351,15.856796503067017,16.16175651550293,15.799074411392212,15.959131002426147,0,0,0,0,0,0,0,0,0,0,0.40714335441589355,,,0
14,66.58666666666667,63.56,64.53333333333333,67.06666666666666,67.81333333333333,"[38.666666666666664, 71.33333333333334, 80.66666666666666, 79.33333333333333, 66.58666666666667]","[63.33333333333333, 72.66666666666667, 64.0, 64.0, 63.56]","[66.66666666666666, 54.666666666666664, 64.66666666666666, 62.0, 64.53333333333333]","[57.99999999999999, 65.33333333333333, 70.66666666666667, 74.0, 67.06666666666666]","[47.333333333333336, 62.66666666666667, 51.33333333333333, 68.66666666666667, 67.81333333333333]",0.0,0.0,0.0,0.0,0.0,0.0,0.0,0.0,0.0,0.0,0.0,0.7306,0.0,16.05517053604126,15.815002918243408,15.71093487739563,15.884384870529175,15.96988296508789,0,0,0,0,0,0,0,0,0,0,0.4095892906188965,,,0
15,68.77333333333333,60.586666666666666,64.2,69.66666666666667,69.14666666666666,"[66.0, 38.0, 76.0, 66.0, 68.77333333333333]","[63.33333333333333, 53.333333333333336, 77.33333333333333, 78.0, 60.586666666666666]","[62.66666666666667, 64.0, 72.66666666666667, 72.0, 64.2]","[57.99999999999999, 72.66666666666667, 76.66666666666667, 69.33333333333334, 69.66666666666667]","[66.66666666666666, 64.66666666666666, 74.0, 73.33333333333333, 69.14666666666666]",0.0,0.0,0.0,0.0,0.0,0.0,0.0,0.0,0.0,0.0,0.0,0.7372,0.0,16.3459734916687,15.49593734741211,15.871791124343872,15.852487564086914,15.77805209159851,0,0,0,0,0,0,0,0,0,0,0.4003019332885742,,,0
16,67.82666666666667,66.72,67.90666666666667,66.09333333333333,63.586666666666666,"[51.33333333333333, 74.0, 68.0, 76.66666666666667, 67.82666666666667]","[64.0, 57.333333333333336, 68.0, 66.66666666666666, 66.72]","[48.0, 74.0, 68.0, 82.66666666666667, 67.90666666666667]","[44.666666666666664, 79.33333333333333, 81.33333333333333, 82.66666666666667, 66.09333333333333]","[66.66666666666666, 75.33333333333333, 77.33333333333333, 80.66666666666666, 63.586666666666666]",0.0,0.0,0.0,0.0,0.0,0.0,0.0,0.0,0.0,0.0,0.0,0.7109,0.0,15.650809049606323,15.714349746704102,15.609216928482056,15.605251550674438,15.675208806991577,0,0,0,0,0,0,0,0,0,0,0.39903903007507324,,,0
17,57.99999999999999,65.94666666666666,67.44,69.46666666666667,69.09333333333333,"[46.666666666666664, 80.0, 80.0, 80.0, 57.99999999999999]","[67.33333333333333, 49.333333333333336, 72.0, 66.0, 65.94666666666666]","[30.0, 74.0, 79.33333333333333, 78.66666666666666, 67.44]","[56.00000000000001, 74.0, 74.0, 82.0, 69.46666666666667]","[35.333333333333336, 76.0, 74.0, 74.0, 69.09333333333333]",0.0,0.0,0.0,0.0,0.0,0.0,0.0,0.0,0.0,0.0,0.0,0.7302,0.0,15.899762153625488,16.221606492996216,15.794622898101807,15.970245599746704,15.922501802444458,0,0,0,0,0,0,0,0,0,0,0.4160926342010498,,,0
18,67.33333333333333,68.58666666666666,68.34666666666666,69.50666666666667,70.25333333333333,"[42.66666666666667, 77.33333333333333, 78.66666666666666, 82.66666666666667, 67.33333333333333]","[54.0, 63.33333333333333, 74.0, 68.66666666666667, 68.58666666666666]","[73.33333333333333, 63.33333333333333, 74.0, 76.66666666666667, 68.34666666666666]","[52.666666666666664, 78.0, 78.66666666666666, 82.0, 69.50666666666667]","[78.0, 74.66666666666667, 83.33333333333334, 70.66666666666667, 70.25333333333333]",0.0,0.0,0.0,0.0,0.0,0.0,0.0,0.0,0.0,0.0,0.0,0.729,0.0,16.23355269432068,15.7048819065094,15.803659677505493,15.82917070388794,15.617635488510132,0,0,0,0,0,0,0,0,0,0,0.398709774017334,,,0
19,69.06666666666666,67.98666666666666,63.4,68.65333333333334,70.08,"[19.333333333333332, 85.33333333333334, 82.66666666666667, 87.33333333333333, 69.06666666666666]","[62.66666666666667, 74.66666666666667, 68.66666666666667, 74.66666666666667, 67.98666666666666]","[28.666666666666668, 79.33333333333333, 75.33333333333333, 77.33333333333333, 63.4]","[42.66666666666667, 82.66666666666667, 80.0, 82.0, 68.65333333333334]","[69.33333333333334, 74.0, 73.33333333333333, 74.66666666666667, 70.08]",0.0,0.0,0.0,0.0,0.0,0.0,0.0,0.0,0.0,0.0,0.0,0.7373,0.0,15.809208631515503,15.963606595993042,15.566931009292603,15.76003909111023,15.765529870986938,0,0,0,0,0,0,0,0,0,0,0.20486855506896973,,,0
20,65.10666666666667,59.01333333333333,69.36,68.84,65.64,"[13.333333333333334, 79.33333333333333, 82.0, 80.0, 65.10666666666667]","[32.666666666666664, 86.0, 85.33333333333334, 81.33333333333333, 59.01333333333333]","[34.0, 80.0, 80.66666666666666, 86.0, 69.36]","[55.333333333333336, 75.33333333333333, 80.0, 82.0, 68.84]","[39.33333333333333, 61.33333333333333, 78.66666666666666, 77.33333333333333, 65.64]",0.0,0.0,0.0,0.0,0.0,0.0,0.0,0.0,0.0,0.0,0.0,0.7342,0.0,15.626607179641724,15.42305874824524,15.757121801376343,15.62375783920288,15.881224870681763,0,0,0,0,0,0,0,0,0,0,0.4109504222869873,,,0
21,70.56,70.10666666666665,70.12,70.98666666666666,68.56,"[75.33333333333333, 72.66666666666667, 83.33333333333334, 86.66666666666667, 70.56]","[34.66666666666667, 70.66666666666667, 68.66666666666667, 70.0, 70.10666666666665]","[50.0, 72.66666666666667, 73.33333333333333, 72.0, 70.12]","[70.66666666666667, 80.66666666666666, 83.33333333333334, 77.33333333333333, 70.98666666666666]","[48.0, 76.66666666666667, 84.66666666666667, 78.66666666666666, 68.56]",0.0,0.0,0.0,0.0,0.0,0.0,0.0,0.0,0.0,0.0,0.0,0.734,0.0,15.804384231567383,15.813434600830078,15.779914140701294,15.810783863067627,15.908638000488281,0,0,0,0,0,0,0,0,0,0,0.3096752166748047,,,0
22,69.90666666666667,58.46666666666667,67.29333333333334,63.06666666666667,70.01333333333334,"[56.666666666666664, 77.33333333333333, 80.0, 85.33333333333334, 69.90666666666667]","[63.33333333333333, 66.66666666666666, 72.0, 76.66666666666667, 58.46666666666667]","[69.33333333333334, 84.66666666666667, 67.33333333333333, 82.0, 67.29333333333334]","[51.33333333333333, 80.0, 72.66666666666667, 79.33333333333333, 63.06666666666667]","[38.666666666666664, 83.33333333333334, 80.0, 82.66666666666667, 70.01333333333334]",0.0,0.0,0.0,0.0,0.0,0.0,0.0,0.0,0.0,0.0,0.0,0.7254,0.0,15.932785987854004,15.890450954437256,16.177241802215576,15.743722438812256,15.595389604568481,0,0,0,0,0,0,0,0,0,0,0.18856406211853027,,,0
23,70.32000000000001,70.61333333333333,67.72,66.8,69.88,"[48.66666666666667, 80.0, 88.0, 88.66666666666667, 70.32000000000001]","[61.33333333333333, 64.66666666666666, 74.0, 80.0, 70.61333333333333]","[62.66666666666667, 84.0, 86.66666666666667, 89.33333333333333, 67.72]","[28.666666666666668, 82.66666666666667, 83.33333333333334, 83.33333333333334, 66.8]","[13.333333333333334, 83.33333333333334, 86.0, 83.33333333333334, 69.88]",0.0,0.0,0.0,0.0,0.0,0.0,0.0,0.0,0.0,0.0,0.0,0.7359,0.0,15.41878628730774,15.922314643859863,15.764382600784302,16.135751247406006,15.875393390655518,0,0,0,0,0,0,0,0,0,0,0.39682769775390625,,,0
24,70.45333333333333,60.70666666666666,69.86666666666666,70.94666666666667,71.04,"[56.00000000000001, 79.33333333333333, 86.0, 88.66666666666667, 70.45333333333333]","[65.33333333333333, 82.66666666666667, 80.0, 87.33333333333333, 60.70666666666666]","[57.99999999999999, 60.0, 84.66666666666667, 88.0, 69.86666666666666]","[61.33333333333333, 76.66666666666667, 82.66666666666667, 89.33333333333333, 70.94666666666667]","[52.666666666666664, 82.0, 87.33333333333333, 87.33333333333333, 71.04]",0.0,0.0,0.0,0.0,0.0,0.0,0.0,0.0,0.0,0.0,0.0,0.7352,0.0,15.75788688659668,16.008018016815186,15.908457279205322,15.837008714675903,15.819090843200684,0,0,0,0,0,0,0,0,0,0,0.4032917022705078,,,0
25,70.04,69.86666666666666,65.57333333333332,70.6,70.04,"[70.0, 84.0, 90.0, 88.66666666666667, 70.04]","[74.66666666666667, 82.66666666666667, 90.66666666666666, 78.0, 69.86666666666666]","[66.66666666666666, 77.33333333333333, 81.33333333333333, 86.0, 65.57333333333332]","[36.666666666666664, 88.66666666666667, 83.33333333333334, 82.0, 70.6]","[79.33333333333333, 84.0, 87.33333333333333, 84.66666666666667, 70.04]",0.0,0.0,0.0,0.0,0.0,0.0,0.0,0.0,0.0,0.0,0.0,0.7421,0.0,15.761683940887451,15.870794773101807,16.154172658920288,15.764196157455444,16.13483452796936,0,0,0,0,0,0,0,0,0,0,0.22381138801574707,,,0
26,70.29333333333334,70.52000000000001,69.57333333333334,70.94666666666667,70.93333333333334,"[69.33333333333334, 84.66666666666667, 84.66666666666667, 88.66666666666667, 70.29333333333334]","[78.0, 74.66666666666667, 80.66666666666666, 86.66666666666667, 70.52000000000001]","[73.33333333333333, 80.0, 85.33333333333334, 85.33333333333334, 69.57333333333334]","[66.0, 86.0, 85.33333333333334, 95.33333333333334, 70.94666666666667]","[70.66666666666667, 78.66666666666666, 90.66666666666666, 88.0, 70.93333333333334]",0.0,0.0,0.0,0.0,0.0,0.0,0.0,0.0,0.0,0.0,0.0,0.738,0.0,15.646231174468994,15.82752275466919,15.601818561553955,15.830699682235718,15.911492824554443,0,0,0,0,0,0,0,0,0,0,0.398557186126709,,,0
27,71.29333333333334,68.22666666666667,70.6,71.01333333333332,69.33333333333334,"[66.0, 82.66666666666667, 86.0, 84.0, 71.29333333333334]","[63.33333333333333, 85.33333333333334, 90.66666666666666, 90.0, 68.22666666666667]","[60.0, 78.66666666666666, 86.0, 88.0, 70.6]","[48.0, 86.0, 84.0, 86.66666666666667, 71.01333333333332]","[40.0, 84.66666666666667, 86.66666666666667, 92.66666666666666, 69.33333333333334]",0.0,0.0,0.0,0.0,0.0,0.0,0.0,0.0,0.0,0.0,0.0,0.7389,0.0,15.905057191848755,15.72333836555481,15.814965963363647,16.140559434890747,15.960806131362915,0,0,0,0,0,0,0,0,0,0,0.4109823703765869,,,0
28,71.16,69.54666666666667,70.21333333333334,71.04,71.33333333333334,"[57.333333333333336, 81.33333333333333, 85.33333333333334, 90.66666666666666, 71.16]","[52.0, 79.33333333333333, 87.33333333333333, 90.66666666666666, 69.54666666666667]","[8.666666666666668, 80.66666666666666, 81.33333333333333, 83.33333333333334, 70.21333333333334]","[47.333333333333336, 82.66666666666667, 89.33333333333333, 88.0, 71.04]","[31.333333333333336, 81.33333333333333, 86.66666666666667, 92.66666666666666, 71.33333333333334]",0.0,0.0,0.0,0.0,0.0,0.0,0.0,0.0,0.0,0.0,0.0,0.738,0.0,15.989482164382935,16.04683566093445,16.04196333885193,15.884342193603516,15.712144374847412,0,0,0,0,0,0,0,0,0,0,0.40176820755004883,,,0
29,71.45333333333333,69.45333333333333,69.61333333333334,70.44,71.48,"[73.33333333333333, 86.66666666666667, 90.0, 93.33333333333333, 71.45333333333333]","[73.33333333333333, 88.0, 86.66666666666667, 89.33333333333333, 69.45333333333333]","[79.33333333333333, 82.66666666666667, 89.33333333333333, 88.0, 69.61333333333334]","[50.0, 75.33333333333333, 83.33333333333334, 91.33333333333333, 70.44]","[68.66666666666667, 80.0, 89.33333333333333, 90.66666666666666, 71.48]",0.0,0.0,0.0,0.0,0.0,0.0,0.0,0.0,0.0,0.0,0.0,0.7411,0.0,15.426178932189941,15.503287315368652,15.717570781707764,15.65611481666565,15.398084163665771,0,0,0,0,0,0,0,0,0,0,0.4034912586212158,,,0
30,70.54666666666667,70.44,69.37333333333333,71.10666666666667,72.0,"[51.33333333333333, 82.0, 83.33333333333334, 90.66666666666666, 70.54666666666667]","[62.66666666666667, 73.33333333333333, 79.33333333333333, 90.66666666666666, 70.44]","[66.0, 76.66666666666667, 91.33333333333333, 88.0, 69.37333333333333]","[41.333333333333336, 83.33333333333334, 88.66666666666667, 86.0, 71.10666666666667]","[68.66666666666667, 82.66666666666667, 88.66666666666667, 87.33333333333333, 72.0]",0.0,0.0,0.0,0.0,0.0,0.0,0.0,0.0,0.0,0.0,0.0,0.7391,0.0,15.96738052368164,16.05745577812195,15.55716848373413,15.965296983718872,15.664609432220459,0,0,0,0,0,0,0,0,0,0,0.3990821838378906,,,0
31,71.77333333333334,71.18666666666667,68.29333333333332,70.88,72.08,"[12.0, 84.0, 92.0, 92.0, 71.77333333333334]","[57.99999999999999, 86.0, 90.0, 96.0, 71.18666666666667]","[80.66666666666666, 86.66666666666667, 95.33333333333334, 92.66666666666666, 68.29333333333332]","[78.0, 93.33333333333333, 90.0, 94.0, 70.88]","[74.0, 86.66666666666667, 90.66666666666666, 92.0, 72.08]",0.0,0.0,0.0,0.0,0.0,0.0,0.0,0.0,0.0,0.0,0.0,0.7414,0.0,15.51291537284851,15.652525663375854,15.794784307479858,16.13910746574402,15.447585344314575,0,0,0,0,0,0,0,0,0,0,0.40018582344055176,,,0
32,71.94666666666667,70.96000000000001,70.22666666666667,71.26666666666667,72.41333333333333,"[53.333333333333336, 82.66666666666667, 88.0, 91.33333333333333, 71.94666666666667]","[66.0, 88.0, 89.33333333333333, 92.0, 70.96000000000001]","[28.666666666666668, 92.66666666666666, 96.66666666666667, 95.33333333333334, 70.22666666666667]","[43.333333333333336, 87.33333333333333, 88.0, 91.33333333333333, 71.26666666666667]","[68.66666666666667, 83.33333333333334, 92.0, 91.33333333333333, 72.41333333333333]",0.0,0.0,0.0,0.0,0.0,0.0,0.0,0.0,0.0,0.0,0.0,0.7401,0.0,15.818363904953003,16.19582724571228,15.675573825836182,16.169082641601562,16.34579086303711,0,0,0,0,0,0,0,0,0,0,0.41256165504455566,,,0
33,70.76,69.48,68.25333333333333,69.93333333333334,71.53333333333333,"[81.33333333333333, 94.66666666666667, 93.33333333333333, 97.33333333333334, 70.76]","[70.0, 78.66666666666666, 91.33333333333333, 89.33333333333333, 69.48]","[77.33333333333333, 88.0, 93.33333333333333, 97.33333333333334, 68.25333333333333]","[23.333333333333332, 78.66666666666666, 91.33333333333333, 93.33333333333333, 69.93333333333334]","[82.0, 92.0, 95.33333333333334, 92.0, 71.53333333333333]",0.0,0.0,0.0,0.0,0.0,0.0,0.0,0.0,0.0,0.0,0.0,0.7361,0.0,15.485438108444214,15.591793060302734,15.436177730560303,15.624395370483398,15.638400077819824,0,0,0,0,0,0,0,0,0,0,0.4026148319244385,,,0
34,71.09333333333333,71.92,70.77333333333333,71.17333333333333,71.65333333333334,"[50.0, 90.66666666666666, 90.66666666666666, 91.33333333333333, 71.09333333333333]","[79.33333333333333, 87.33333333333333, 96.0, 92.66666666666666, 71.92]","[30.0, 80.66666666666666, 92.0, 96.0, 70.77333333333333]","[51.33333333333333, 89.33333333333333, 89.33333333333333, 88.66666666666667, 71.17333333333333]","[72.66666666666667, 76.66666666666667, 94.0, 94.0, 71.65333333333334]",0.0,0.0,0.0,0.0,0.0,0.0,0.0,0.0,0.0,0.0,0.0,0.7399,0.0,16.198522090911865,15.539583206176758,15.806685447692871,16.14324188232422,15.968925476074219,0,0,0,0,0,0,0,0,0,0,0.39341306686401367,,,0
35,71.56,70.57333333333334,70.76,71.6,71.81333333333333,"[53.333333333333336, 69.33333333333334, 91.33333333333333, 92.66666666666666, 71.56]","[68.0, 92.0, 91.33333333333333, 97.33333333333334, 70.57333333333334]","[76.66666666666667, 90.0, 92.66666666666666, 93.33333333333333, 70.76]","[52.666666666666664, 86.66666666666667, 92.66666666666666, 95.33333333333334, 71.6]","[76.66666666666667, 86.66666666666667, 86.66666666666667, 90.66666666666666, 71.81333333333333]",0.0,0.0,0.0,0.0,0.0,0.0,0.0,0.0,0.0,0.0,0.0,0.7408,0.0,15.607635498046875,15.807437181472778,15.789395093917847,15.644974708557129,15.748876810073853,0,0,0,0,0,0,0,0,0,0,0.40968894958496094,,,0
36,71.70666666666666,71.22666666666667,71.08,70.17333333333333,71.56,"[53.333333333333336, 88.0, 91.33333333333333, 93.33333333333333, 71.70666666666666]","[89.33333333333333, 84.0, 91.33333333333333, 96.0, 71.22666666666667]","[6.0, 85.33333333333334, 94.0, 96.66666666666667, 71.08]","[85.33333333333334, 78.66666666666666, 92.0, 96.0, 70.17333333333333]","[58.666666666666664, 88.66666666666667, 91.33333333333333, 94.0, 71.56]",0.0,0.0,0.0,0.0,0.0,0.0,0.0,0.0,0.0,0.0,0.0,0.7416,0.0,16.356712579727173,16.121896505355835,16.208167791366577,15.908189058303833,15.880164861679077,0,0,0,0,0,0,0,0,0,0,0.3961334228515625,,,0
37,71.77333333333334,71.29333333333334,69.98666666666666,71.96000000000001,71.88,"[65.33333333333333, 79.33333333333333, 94.66666666666667, 96.0, 71.77333333333334]","[56.00000000000001, 80.66666666666666, 89.33333333333333, 95.33333333333334, 71.29333333333334]","[6.0, 86.0, 86.0, 93.33333333333333, 69.98666666666666]","[81.33333333333333, 88.66666666666667, 90.0, 94.66666666666667, 71.96000000000001]","[78.66666666666666, 87.33333333333333, 94.66666666666667, 96.0, 71.88]",0.0,0.0,0.0,0.0,0.0,0.0,0.0,0.0,0.0,0.0,0.0,0.7413,0.0,16.053652048110962,15.841871500015259,15.849532842636108,15.835221529006958,15.877987384796143,0,0,0,0,0,0,0,0,0,0,0.39617180824279785,,,0
38,71.66666666666667,71.09333333333333,70.29333333333334,70.98666666666666,71.86666666666667,"[50.0, 94.0, 94.66666666666667, 95.33333333333334, 71.66666666666667]","[76.0, 84.0, 92.66666666666666, 93.33333333333333, 71.09333333333333]","[80.0, 85.33333333333334, 87.33333333333333, 93.33333333333333, 70.29333333333334]","[59.333333333333336, 89.33333333333333, 92.66666666666666, 92.66666666666666, 70.98666666666666]","[54.0, 86.66666666666667, 96.66666666666667, 96.66666666666667, 71.86666666666667]",0.0,0.0,0.0,0.0,0.0,0.0,0.0,0.0,0.0,0.0,0.0,0.7418,0.0,15.639763116836548,15.602603673934937,15.832439184188843,16.040172338485718,16.03992772102356,0,0,0,0,0,0,0,0,0,0,0.4053196907043457,,,0
39,71.33333333333334,71.16,70.56,69.82666666666667,72.14666666666668,"[80.66666666666666, 86.66666666666667, 92.66666666666666, 97.33333333333334, 71.33333333333334]","[78.0, 82.0, 94.66666666666667, 93.33333333333333, 71.16]","[76.66666666666667, 89.33333333333333, 90.0, 97.33333333333334, 70.56]","[86.0, 93.33333333333333, 89.33333333333333, 97.33333333333334, 69.82666666666667]","[85.33333333333334, 90.66666666666666, 92.66666666666666, 91.33333333333333, 72.14666666666668]",0.0,0.0,0.0,0.0,0.0,0.0,0.0,0.0,0.0,0.0,0.0,0.7396,0.0,15.511967658996582,15.402419567108154,15.714670181274414,15.685173988342285,15.605356216430664,0,0,0,0,0,0,0,0,0,0,0.28405070304870605,,,0
40,72.41333333333333,70.93333333333334,70.48,71.93333333333334,71.76,"[84.0, 92.0, 96.0, 95.33333333333334, 72.41333333333333]","[19.333333333333332, 91.33333333333333, 96.0, 96.66666666666667, 70.93333333333334]","[52.0, 92.66666666666666, 94.66666666666667, 98.0, 70.48]","[68.0, 94.66666666666667, 97.33333333333334, 96.0, 71.93333333333334]","[32.666666666666664, 86.0, 94.66666666666667, 96.66666666666667, 71.76]",50.0,50.0,50.0,50.0,50,50.0,50.0,50.0,50.0,50,50.0,0.7425,50.0,15.925198078155518,16.457550525665283,15.593527555465698,15.57661747932434,15.903790473937988,0,0,0,0,0,0,0,0,0,0,0.404818058013916,,,0
41,70.90666666666667,71.14666666666668,71.16,70.89333333333333,71.42666666666668,"[71.33333333333334, 92.66666666666666, 94.66666666666667, 96.0, 70.90666666666667]","[64.66666666666666, 92.0, 92.66666666666666, 96.0, 71.14666666666668]","[77.33333333333333, 91.33333333333333, 96.66666666666667, 96.0, 71.16]","[67.33333333333333, 86.0, 96.0, 93.33333333333333, 70.89333333333333]","[82.0, 93.33333333333333, 96.66666666666667, 95.33333333333334, 71.42666666666668]",50.0,50.0,50.0,50.0,50.0,50.0,50.0,50.0,50.0,50.0,50.0,0.7398,50.0,15.68571925163269,15.697153568267822,15.590282440185547,15.540577173233032,15.656044960021973,0,0,0,0,0,0,0,0,0,0,0.4071810245513916,,,0
42,71.58666666666666,70.54666666666667,70.30666666666666,71.30666666666666,72.39999999999999,"[2.0, 92.0, 95.33333333333334, 96.66666666666667, 71.58666666666666]","[57.99999999999999, 94.0, 96.66666666666667, 99.33333333333333, 70.54666666666667]","[81.33333333333333, 93.33333333333333, 94.66666666666667, 96.66666666666667, 70.30666666666666]","[74.66666666666667, 93.33333333333333, 95.33333333333334, 97.33333333333334, 71.30666666666666]","[90.0, 84.66666666666667, 90.66666666666666, 95.33333333333334, 72.39999999999999]",50.0,50.0,50.0,50.0,50.0,50.0,50.0,50.0,50.0,50.0,50.0,0.7388,50.0,16.191199779510498,16.053386449813843,16.112037897109985,15.996957063674927,15.688435554504395,0,0,0,0,0,0,0,0,0,0,0.3977837562561035,,,0
43,71.42666666666668,70.14666666666668,71.06666666666666,72.11999999999999,71.89333333333333,"[40.666666666666664, 91.33333333333333, 94.0, 97.33333333333334, 71.42666666666668]","[68.66666666666667, 93.33333333333333, 92.0, 96.66666666666667, 70.14666666666668]","[66.66666666666666, 92.66666666666666, 94.0, 98.66666666666667, 71.06666666666666]","[24.666666666666668, 92.0, 92.0, 96.66666666666667, 72.11999999999999]","[69.33333333333334, 95.33333333333334, 95.33333333333334, 97.33333333333334, 71.89333333333333]",50.0,50,50.0,50.0,50.0,50.0,50,50.0,50.0,50.0,50.0,0.7415,50.0,16.41277313232422,15.87237811088562,16.017110109329224,15.903554916381836,16.04085111618042,0,0,0,0,0,0,0,0,0,0,0.3747217655181885,,,0
44,71.77333333333334,70.49333333333333,71.33333333333334,71.92,70.96000000000001,"[57.99999999999999, 88.0, 94.66666666666667, 96.66666666666667, 71.77333333333334]","[72.66666666666667, 91.33333333333333, 94.0, 95.33333333333334, 70.49333333333333]","[84.0, 94.66666666666667, 96.0, 96.0, 71.33333333333334]","[81.33333333333333, 96.66666666666667, 94.0, 98.0, 71.92]","[74.0, 88.0, 85.33333333333334, 93.33333333333333, 70.96000000000001]",50.0,50.0,50.0,50.0,50.0,50.0,50.0,50.0,50.0,50.0,50.0,0.7393,50.0,15.826428174972534,16.0104501247406,16.029442310333252,15.992034196853638,15.878224611282349,0,0,0,0,0,0,0,0,0,0,0.5075623989105225,,,0
45,70.70666666666666,71.36,70.04,71.50666666666666,71.85333333333334,"[75.33333333333333, 93.33333333333333, 97.33333333333334, 97.33333333333334, 70.70666666666666]","[28.666666666666668, 90.0, 94.66666666666667, 97.33333333333334, 71.36]","[60.66666666666667, 94.66666666666667, 97.33333333333334, 97.33333333333334, 70.04]","[66.66666666666666, 92.0, 96.0, 96.66666666666667, 71.50666666666666]","[49.333333333333336, 85.33333333333334, 96.66666666666667, 99.33333333333333, 71.85333333333334]",50.0,50.0,50.0,50.0,50.0,50.0,50.0,50.0,50.0,50.0,50.0,0.7389,50.0,16.35555601119995,16.008983373641968,15.797728538513184,15.789777278900146,15.934688806533813,0,0,0,0,0,0,0,0,0,0,0.3950989246368408,,,0
46,70.85333333333334,70.01333333333334,71.48,71.12,72.13333333333334,"[39.33333333333333, 92.0, 95.33333333333334, 99.33333333333333, 70.85333333333334]","[77.33333333333333, 82.0, 93.33333333333333, 97.33333333333334, 70.01333333333334]","[74.0, 82.66666666666667, 94.0, 96.0, 71.48]","[12.666666666666668, 93.33333333333333, 93.33333333333333, 97.33333333333334, 71.12]","[62.66666666666667, 96.0, 96.66666666666667, 98.66666666666667, 72.13333333333334]",50,50.0,50.0,50.0,50.0,50,50.0,50.0,50.0,50.0,50.0,0.7375,50.0,15.740301370620728,15.989461421966553,15.415251970291138,16.056503295898438,15.950322389602661,0,0,0,0,0,0,0,0,0,0,0.4006683826446533,,,0
47,71.28,70.67999999999999,70.82666666666667,71.76,71.84,"[36.0, 94.0, 98.66666666666667, 98.66666666666667, 71.28]","[71.33333333333334, 90.66666666666666, 94.0, 96.66666666666667, 70.67999999999999]","[76.66666666666667, 92.66666666666666, 92.0, 95.33333333333334, 70.82666666666667]","[72.0, 75.33333333333333, 96.66666666666667, 98.0, 71.76]","[80.0, 92.66666666666666, 94.66666666666667, 98.0, 71.84]",50.0,50.0,50.0,50.0,50.0,50.0,50.0,50.0,50.0,50.0,50.0,0.7419,50.0,15.872255563735962,15.48071813583374,15.945870161056519,15.998643398284912,16.04464077949524,0,0,0,0,0,0,0,0,0,0,0.4037003517150879,,,0
48,71.57333333333334,71.52,70.98666666666666,70.77333333333333,72.01333333333334,"[74.66666666666667, 85.33333333333334, 97.33333333333334, 94.66666666666667, 71.57333333333334]","[82.0, 93.33333333333333, 97.33333333333334, 98.0, 71.52]","[64.66666666666666, 86.66666666666667, 92.66666666666666, 97.33333333333334, 70.98666666666666]","[77.33333333333333, 93.33333333333333, 98.0, 96.0, 70.77333333333333]","[54.0, 94.0, 96.66666666666667, 98.0, 72.01333333333334]",50,50.0,0.0,50.0,50.0,50,50.0,0.0,50.0,50.0,50.0,0.7389,50.0,15.941227912902832,16.08143973350525,16.04027223587036,15.954209089279175,15.719390630722046,0,0,0,0,0,0,0,0,0,0,0.40285444259643555,,,0
49,71.65333333333334,71.21333333333332,70.93333333333334,71.42666666666668,71.45333333333333,"[70.0, 97.33333333333334, 94.66666666666667, 95.33333333333334, 71.65333333333334]","[76.0, 93.33333333333333, 96.66666666666667, 96.66666666666667, 71.21333333333332]","[86.0, 88.66666666666667, 94.0, 96.66666666666667, 70.93333333333334]","[42.66666666666667, 95.33333333333334, 98.66666666666667, 50, 71.42666666666668]","[56.00000000000001, 93.33333333333333, 94.0, 96.66666666666667, 71.45333333333333]",50.0,50.0,50.0,50.0,50,50.0,50.0,50.0,50.0,50,50.0,0.741,50.0,16.018516778945923,15.780977964401245,15.925683736801147,15.828498363494873,15.839019060134888,0,0,0,0,0,0,0,0,0,0,0.39412426948547363,,,0
