,client_accuracy_2,client_accuracy_0,client_accuracy_1,client_accuracy_4,client_accuracy_3,client_loss_2,client_loss_0,client_loss_1,client_loss_4,client_loss_3,client_accuracy_per_epoch2,client_accuracy_per_epoch0,client_accuracy_per_epoch1,client_accuracy_per_epoch4,client_accuracy_per_epoch3,client_loss_per_epoch2,client_loss_per_epoch0,client_loss_per_epoch1,client_loss_per_epoch4,client_loss_per_epoch3,client_attack_2,client_attack_0,client_attack_1,client_attack_4,client_attack_3,client_auc_2,client_auc_0,client_auc_1,client_auc_4,client_auc_3,server_attack,server_accuracy,server_auc,client_round_duration_2,client_round_duration_0,client_round_duration_1,client_round_duration_4,client_round_duration_3,client_transformation_time_0,client_transformation_time_1,client_transformation_time_2,client_transformation_time_3,client_transformation_time_4,client_transformation_time_5,client_transformation_time_6,client_transformation_time_7,client_transformation_time_8,client_transformation_time_9,server_aggregation_duration,server_model_parameters_memory_usage,server_data_parameters_memory_usage,server_transformation_time
0,35.92,38.45333333333333,34.18666666666667,39.653333333333336,38.61333333333333,2.250794906616211,2.2257070350646972,2.2204561710357664,2.1933794021606445,2.201565589904785,"[24.666666666666668, 21.333333333333336, 24.666666666666668, 24.0, 35.92]","[30.0, 20.666666666666668, 30.0, 34.0, 38.45333333333333]","[35.333333333333336, 22.0, 30.0, 34.66666666666667, 34.18666666666667]","[34.66666666666667, 21.333333333333336, 41.333333333333336, 43.333333333333336, 39.653333333333336]","[32.0, 29.333333333333332, 40.666666666666664, 38.666666666666664, 38.61333333333333]","[3.682492208480835, 2.106028127670288, 1.9408880710601806, 1.8057544946670532, 1.7188116312026978]","[3.6514434814453125, 2.0561784744262694, 1.904109573364258, 1.7940446138381958, 1.7227590322494506]","[3.6685485363006594, 2.03962562084198, 1.891627597808838, 1.7989595651626586, 1.7035195350646972]","[3.6747523307800294, 2.0458548307418822, 1.8599517822265625, 1.7307773590087892, 1.6555607080459596]","[3.617715072631836, 2.0550780296325684, 1.8804521560668945, 1.7647991180419922, 1.6897835731506348]",0.0,0.0,0.0,0.0,0.0,0.0,0.0,0.0,0.0,0.0,0.0,0.4011,0.0,15.186585664749146,15.19603157043457,15.30973196029663,15.365020275115967,15.409638404846191,0,0,0,0,0,0,0,0,0,0,0.04068613052368164,,,0
1,50.26666666666667,47.986666666666665,43.120000000000005,45.986666666666665,43.53333333333333,1.5692774105072023,1.558387975692749,1.5575027370452879,1.5066102218627928,1.4840857267379761,"[39.33333333333333, 40.666666666666664, 39.33333333333333, 44.0, 50.26666666666667]","[32.0, 35.333333333333336, 42.0, 42.66666666666667, 47.986666666666665]","[37.333333333333336, 46.666666666666664, 41.333333333333336, 50.66666666666667, 43.120000000000005]","[39.33333333333333, 40.0, 44.0, 46.0, 45.986666666666665]","[43.333333333333336, 46.0, 44.666666666666664, 44.666666666666664, 43.53333333333333]","[1.7818588495254517, 1.6339717626571655, 1.55168297290802, 1.4764097929000854, 1.402463674545288]","[1.7720566034317016, 1.6623533964157104, 1.5368483543395997, 1.4409699201583863, 1.3797116041183473]","[1.7689700603485108, 1.6438636302947998, 1.5378709316253663, 1.4474542617797852, 1.3893548011779786]","[1.6956913709640502, 1.584354543685913, 1.4983798742294312, 1.4268070220947267, 1.3278182983398437]","[1.7034775495529175, 1.5616064071655273, 1.4551118612289429, 1.382639265060425, 1.317593550682068]",0.0,0.0,0.0,0.0,0.0,0.0,0.0,0.0,0.0,0.0,0.0,0.5196,0.0,15.15151309967041,15.400878667831421,15.383991718292236,15.37191128730774,15.32389211654663,0,0,0,0,0,0,0,0,0,0,0.0422816276550293,,,0
2,50.33333333333333,51.18666666666667,52.53333333333333,51.29333333333334,51.88,1.3719239807128907,1.3680731296539306,1.3418489599227907,1.320157814025879,1.3258043384552,"[47.333333333333336, 50.66666666666667, 52.666666666666664, 52.666666666666664, 50.33333333333333]","[50.66666666666667, 40.666666666666664, 49.333333333333336, 46.0, 51.18666666666667]","[48.0, 50.0, 49.333333333333336, 46.0, 52.53333333333333]","[48.0, 54.0, 55.333333333333336, 61.33333333333333, 51.29333333333334]","[46.666666666666664, 50.66666666666667, 44.666666666666664, 50.0, 51.88]","[1.5701966285705566, 1.425448513031006, 1.36390540599823, 1.2830366373062134, 1.2170327186584473]","[1.5846423387527466, 1.436557912826538, 1.3547678470611573, 1.2784323215484619, 1.1859652280807496]","[1.53650643825531, 1.409546709060669, 1.324535083770752, 1.2591055393218995, 1.1795510292053222]","[1.4893147468566894, 1.3933647871017456, 1.3055960893630982, 1.2480060815811158, 1.1645073652267457]","[1.489371371269226, 1.3931243181228639, 1.305457854270935, 1.258782649040222, 1.1822854995727539]",0.0,0.0,0.0,0.0,0.0,0.0,0.0,0.0,0.0,0.0,0.0,0.5473,0.0,15.274821519851685,15.216394662857056,15.195568799972534,15.215897798538208,15.22127890586853,0,0,0,0,0,0,0,0,0,0,0.0410609245300293,,,0
3,53.49333333333334,52.44,55.16,53.2,51.81333333333333,1.226823377609253,1.2196632504463196,1.1972399258613586,1.1741054129600523,1.1965959858894348,"[46.666666666666664, 40.666666666666664, 53.333333333333336, 52.666666666666664, 53.49333333333334]","[52.666666666666664, 43.333333333333336, 52.666666666666664, 54.666666666666664, 52.44]","[57.99999999999999, 36.0, 51.33333333333333, 57.99999999999999, 55.16]","[50.0, 51.33333333333333, 52.666666666666664, 57.333333333333336, 53.2]","[48.66666666666667, 53.333333333333336, 47.333333333333336, 54.666666666666664, 51.81333333333333]","[1.4006232261657714, 1.3047008275985719, 1.206166410446167, 1.1454682111740113, 1.0771582126617432]","[1.4062888622283936, 1.2937100887298585, 1.2109315395355225, 1.1340243577957154, 1.0533614039421082]","[1.3952091455459594, 1.288724994659424, 1.1899579286575317, 1.0915350914001465, 1.0207724690437316]","[1.3338614225387573, 1.234959888458252, 1.1839864253997803, 1.088100838661194, 1.029618489742279]","[1.3715742588043214, 1.2593634366989135, 1.1916422843933105, 1.1177544951438905, 1.0426454544067383]",0.0,0.0,0.0,0.0,0.0,0.0,0.0,0.0,0.0,0.0,0.0,0.5727,0.0,15.298775672912598,15.212891578674316,15.310240030288696,15.205090761184692,15.306541681289673,0,0,0,0,0,0,0,0,0,0,0.04181385040283203,,,0
4,56.81333333333334,56.64,57.69333333333333,55.76,58.01333333333333,1.166480357646942,1.1503391981124877,1.099773347377777,1.0839857792854308,1.12812114238739,"[56.666666666666664, 62.0, 61.33333333333333, 57.333333333333336, 56.81333333333334]","[48.0, 50.0, 56.666666666666664, 57.99999999999999, 56.64]","[38.0, 42.0, 55.333333333333336, 51.33333333333333, 57.69333333333333]","[50.0, 55.333333333333336, 57.333333333333336, 49.333333333333336, 55.76]","[50.66666666666667, 60.66666666666667, 62.0, 64.66666666666666, 58.01333333333333]","[1.3678578376770019, 1.2315685510635377, 1.1482892751693725, 1.0779392004013062, 1.0067469239234925]","[1.3647681951522828, 1.2084407329559326, 1.1424902439117433, 1.0615062236785888, 0.9744905948638916]","[1.269445824623108, 1.1644640922546388, 1.0912898063659668, 1.0167284727096557, 0.9569385409355163]","[1.2799263954162599, 1.1352532625198364, 1.0797260880470276, 0.9939833283424377, 0.931039822101593]","[1.3268220186233521, 1.1960745096206664, 1.1153088569641114, 1.0424482941627502, 0.9599520325660705]",0.0,0.0,0.0,0.0,0.0,0.0,0.0,0.0,0.0,0.0,0.0,0.5994,0.0,15.198976755142212,15.04807448387146,14.97743272781372,15.061215162277222,15.005658149719238,0,0,0,0,0,0,0,0,0,0,0.040592193603515625,,,0
5,55.08,59.040000000000006,56.04,58.52,58.906666666666666,1.0467785573005675,1.057582836151123,1.0062132334709168,1.0011206340789793,1.0297051548957825,"[64.0, 64.0, 60.0, 62.66666666666667, 55.08]","[62.0, 56.00000000000001, 57.99999999999999, 62.66666666666667, 59.040000000000006]","[52.666666666666664, 60.66666666666667, 57.99999999999999, 56.666666666666664, 56.04]","[57.99999999999999, 57.333333333333336, 64.66666666666666, 61.33333333333333, 58.52]","[50.0, 44.0, 64.0, 58.666666666666664, 58.906666666666666]","[1.2591363906860351, 1.109205162525177, 1.0176120281219483, 0.9516521453857422, 0.8962870597839355]","[1.2619906902313232, 1.1401464462280273, 1.0289498209953307, 0.9611171245574951, 0.8957100987434388]","[1.196009635925293, 1.0911277532577515, 0.973587691783905, 0.9286213159561157, 0.8417197704315186]","[1.2060282707214356, 1.0751723766326904, 0.9888009071350098, 0.8998419284820557, 0.8357596874237061]","[1.2305457830429076, 1.0924908876419068, 1.0164579391479491, 0.9492276787757874, 0.8598034858703614]",0.0,0.0,0.0,0.0,0.0,0.0,0.0,0.0,0.0,0.0,0.0,0.6038,0.0,14.960185527801514,15.111875534057617,15.33187460899353,15.046918392181396,14.995638132095337,0,0,0,0,0,0,0,0,0,0,0.04178476333618164,,,0
6,58.333333333333336,59.54666666666667,52.6,56.69333333333333,52.93333333333333,0.9708715987205505,0.9568585324287415,0.890089089870453,0.9542228388786317,0.9226013922691345,"[56.00000000000001, 67.33333333333333, 60.0, 60.66666666666667, 58.333333333333336]","[50.66666666666667, 50.0, 52.666666666666664, 61.33333333333333, 59.54666666666667]","[56.00000000000001, 65.33333333333333, 62.66666666666667, 69.33333333333334, 52.6]","[64.66666666666666, 44.666666666666664, 59.333333333333336, 66.0, 56.69333333333333]","[42.0, 60.66666666666667, 55.333333333333336, 60.0, 52.93333333333333]","[1.179800772666931, 1.0237162113189697, 0.9636698722839355, 0.8771807432174683, 0.809990394115448]","[1.151267123222351, 1.0400895714759826, 0.9367478728294373, 0.8736399412155151, 0.7825481534004212]","[1.1012690544128418, 0.9706111192703247, 0.8732716202735901, 0.7968542218208313, 0.7084394335746765]","[1.1566722989082336, 1.0233015179634095, 0.9360650062561036, 0.871956753730774, 0.7831186175346374]","[1.1159915447235107, 0.9927404999732972, 0.9151687979698181, 0.8146539330482483, 0.7744521856307983]",0.0,0.0,0.0,0.0,0.0,0.0,0.0,0.0,0.0,0.0,0.0,0.6003,0.0,15.171681880950928,15.343801498413086,15.317772388458252,15.271327018737793,15.392007112503052,0,0,0,0,0,0,0,0,0,0,0.041925907135009766,,,0
7,61.45333333333334,60.8,51.68000000000001,61.053333333333335,61.4,0.8814890384674072,0.8941098546981812,0.8410075092315674,0.8201465010643005,0.8782428956031799,"[66.0, 54.666666666666664, 64.66666666666666, 65.33333333333333, 61.45333333333334]","[58.666666666666664, 38.0, 55.333333333333336, 65.33333333333333, 60.8]","[42.66666666666667, 64.0, 64.0, 55.333333333333336, 51.68000000000001]","[46.666666666666664, 64.0, 53.333333333333336, 52.666666666666664, 61.053333333333335]","[62.66666666666667, 68.0, 70.0, 61.33333333333333, 61.4]","[1.0865443229675293, 0.9489767909049988, 0.8851550340652465, 0.7682902574539184, 0.7184787869453431]","[1.098269772529602, 0.9572449088096618, 0.8774735927581787, 0.8197641253471375, 0.7177968740463256]","[1.0522177696228028, 0.9029104590415955, 0.8199979186058044, 0.7578930020332336, 0.6720183968544007]","[1.0130258798599243, 0.880005931854248, 0.8212817430496215, 0.732126784324646, 0.6542921662330627]","[1.1081283688545227, 0.9517562627792359, 0.8590600728988648, 0.766566801071167, 0.7057029724121093]",0.0,0.0,0.0,0.0,0.0,0.0,0.0,0.0,0.0,0.0,0.0,0.6336,0.0,15.489158391952515,15.261526346206665,15.309952974319458,15.369332075119019,15.541647911071777,0,0,0,0,0,0,0,0,0,0,0.04342460632324219,,,0
8,58.599999999999994,55.30666666666667,58.68,59.31999999999999,57.053333333333335,0.7996657967567444,0.7924980640411377,0.7826385855674743,0.7810370230674742,0.7854663228988648,"[57.99999999999999, 65.33333333333333, 66.66666666666666, 52.666666666666664, 58.599999999999994]","[64.66666666666666, 52.666666666666664, 63.33333333333333, 60.0, 55.30666666666667]","[55.333333333333336, 57.99999999999999, 52.0, 56.666666666666664, 58.68]","[61.33333333333333, 70.0, 70.0, 57.99999999999999, 59.31999999999999]","[66.66666666666666, 54.0, 66.0, 54.0, 57.053333333333335]","[1.0241586565971375, 0.8679528594017029, 0.7832786798477173, 0.7023160696029663, 0.620622718334198]","[0.9864654541015625, 0.8720906376838684, 0.7634857654571533, 0.6981533885002136, 0.6422950744628906]","[0.9654198288917542, 0.893709909915924, 0.7537564873695374, 0.689511489868164, 0.6107952117919921]","[0.9920594215393066, 0.8373343706130981, 0.7814582824707031, 0.6761160016059875, 0.6182170391082764]","[1.0081090211868287, 0.8463092565536499, 0.7688000798225403, 0.7021751523017883, 0.6019381046295166]",0.0,0.0,0.0,0.0,0.0,0.0,0.0,0.0,0.0,0.0,0.0,0.6367,0.0,15.334579706192017,15.449995517730713,15.349165439605713,15.36193037033081,15.293764114379883,0,0,0,0,0,0,0,0,0,0,0.043355703353881836,,,0
9,58.42666666666667,59.73333333333334,57.69333333333333,57.946666666666665,58.906666666666666,0.7963759589195252,0.7644487404823302,0.7232857823371888,0.7525231313705444,0.7235641884803773,"[52.0, 52.0, 47.333333333333336, 57.99999999999999, 58.42666666666667]","[52.0, 56.00000000000001, 56.666666666666664, 68.0, 59.73333333333334]","[48.0, 52.666666666666664, 68.0, 52.666666666666664, 57.69333333333333]","[65.33333333333333, 67.33333333333333, 56.666666666666664, 68.0, 57.946666666666665]","[58.666666666666664, 60.66666666666667, 60.0, 56.00000000000001, 58.906666666666666]","[1.001760733127594, 0.8781288385391235, 0.7848147749900818, 0.6965655088424683, 0.6206099390983582]","[1.0042224168777465, 0.8301083207130432, 0.7287679314613342, 0.6700650930404664, 0.5890799403190613]","[0.9355053782463074, 0.8421557784080506, 0.6879438519477844, 0.6038648366928101, 0.5469590663909912]","[0.9608475923538208, 0.8257846713066102, 0.7339506268501281, 0.6678398489952088, 0.5741929173469543]","[0.939873468875885, 0.8016741275787354, 0.6906145691871644, 0.6231240153312683, 0.562534761428833]",0.0,0.0,0.0,0.0,0.0,0.0,0.0,0.0,0.0,0.0,0.0,0.6411,0.0,15.305298805236816,15.298351526260376,15.255560636520386,15.203459024429321,15.21925139427185,0,0,0,0,0,0,0,0,0,0,0.041538238525390625,,,0
10,58.82666666666667,54.65333333333333,57.21333333333334,60.08,54.04,0.7111208593845368,0.7264722776412964,0.6644213485717774,0.6717754209041595,0.6919663536548615,"[58.666666666666664, 56.00000000000001, 55.333333333333336, 69.33333333333334, 58.82666666666667]","[70.66666666666667, 62.0, 73.33333333333333, 61.33333333333333, 54.65333333333333]","[48.0, 53.333333333333336, 57.99999999999999, 71.33333333333334, 57.21333333333334]","[44.666666666666664, 54.666666666666664, 66.0, 62.66666666666667, 60.08]","[58.666666666666664, 57.99999999999999, 57.333333333333336, 62.0, 54.04]","[0.9283376097679138, 0.7992276072502136, 0.684856629371643, 0.6012746572494507, 0.5419077932834625]","[0.9323188900947571, 0.8120863437652588, 0.7129159927368164, 0.6270023584365845, 0.5480378031730652]","[0.8806229948997497, 0.7340708374977112, 0.6615512490272522, 0.5618047952651978, 0.4840568661689758]","[0.8844745516777038, 0.7559896945953369, 0.649132490158081, 0.5665493011474609, 0.5027310669422149]","[0.8964058876037597, 0.7967700719833374, 0.6467100977897644, 0.6129885911941528, 0.5069571197032928]",0.0,0.0,0.0,0.0,0.0,0.0,0.0,0.0,0.0,0.0,0.0,0.638,0.0,15.36617112159729,15.30672311782837,15.408123254776001,15.401489496231079,15.303263425827026,0,0,0,0,0,0,0,0,0,0,0.043366432189941406,,,0
11,60.89333333333333,58.18666666666667,60.25333333333334,62.26666666666667,60.86666666666667,0.6550280678272247,0.6532162249088287,0.6052896416187288,0.5900807631015778,0.646354079246521,"[38.666666666666664, 66.0, 62.0, 60.66666666666667, 60.89333333333333]","[71.33333333333334, 68.0, 65.33333333333333, 74.66666666666667, 58.18666666666667]","[52.666666666666664, 54.0, 62.66666666666667, 65.33333333333333, 60.25333333333334]","[66.0, 71.33333333333334, 59.333333333333336, 60.66666666666667, 62.26666666666667]","[61.33333333333333, 69.33333333333334, 60.0, 60.66666666666667, 60.86666666666667]","[0.8585802555084229, 0.7442096948623658, 0.641892158985138, 0.542009973526001, 0.4884482562541962]","[0.8668730854988098, 0.7355194091796875, 0.6316050052642822, 0.5351147413253784, 0.4969688832759857]","[0.8146641969680786, 0.6696681618690491, 0.5996046543121338, 0.5203113377094268, 0.42219985723495485]","[0.7888481259346009, 0.6774306654930115, 0.583828580379486, 0.4791930317878723, 0.4211034119129181]","[0.8903937578201294, 0.708767580986023, 0.6191488981246949, 0.5282910943031311, 0.4851690649986267]",0.0,0.0,0.0,0.0,0.0,0.0,0.0,0.0,0.0,0.0,0.0,0.6458,0.0,15.5362229347229,15.230974197387695,15.396121501922607,15.480791807174683,15.558198928833008,0,0,0,0,0,0,0,0,0,0,0.05321931838989258,,,0
12,63.306666666666665,58.94666666666667,53.53333333333333,59.093333333333334,62.373333333333335,0.61607759475708,0.6301311659812928,0.5385348224639893,0.5808640170097351,0.565133365392685,"[62.0, 44.666666666666664, 41.333333333333336, 58.666666666666664, 63.306666666666665]","[71.33333333333334, 65.33333333333333, 73.33333333333333, 70.0, 58.94666666666667]","[65.33333333333333, 72.66666666666667, 66.66666666666666, 73.33333333333333, 53.53333333333333]","[50.0, 46.666666666666664, 70.0, 63.33333333333333, 59.093333333333334]","[62.0, 58.666666666666664, 57.99999999999999, 71.33333333333334, 62.373333333333335]","[0.8298420071601867, 0.6918401956558228, 0.5971482753753662, 0.5227331817150116, 0.43882431387901305]","[0.8570068955421448, 0.7109177708625793, 0.6088555812835693, 0.524517971277237, 0.44935761094093324]","[0.7666416049003602, 0.6036843419075012, 0.5312204599380493, 0.41707025170326234, 0.3740574538707733]","[0.8147598505020142, 0.641635537147522, 0.5663410723209381, 0.46788194179534914, 0.4137016832828522]","[0.8198578238487244, 0.6136810421943665, 0.5403270065784455, 0.45754302144050596, 0.39425793290138245]",0.0,0.0,0.0,0.0,0.0,0.0,0.0,0.0,0.0,0.0,0.0,0.6485,0.0,15.09128475189209,15.214539051055908,15.334454774856567,15.241000652313232,15.2122802734375,0,0,0,0,0,0,0,0,0,0,0.041399240493774414,,,0
13,53.266666666666666,49.22666666666667,60.41333333333333,62.89333333333333,60.73333333333333,0.5358887314796447,0.5276985895633699,0.49844285249710085,0.5363557624816894,0.5381933200359345,"[54.666666666666664, 68.66666666666667, 60.66666666666667, 68.66666666666667, 53.266666666666666]","[60.66666666666667, 57.333333333333336, 59.333333333333336, 65.33333333333333, 49.22666666666667]","[74.0, 72.66666666666667, 67.33333333333333, 63.33333333333333, 60.41333333333333]","[68.66666666666667, 60.66666666666667, 68.66666666666667, 72.66666666666667, 62.89333333333333]","[70.66666666666667, 62.0, 60.66666666666667, 71.33333333333334, 60.73333333333333]","[0.738720715045929, 0.6040919661521912, 0.4974455952644348, 0.45495927333831787, 0.3842261075973511]","[0.7263099074363708, 0.6123004794120789, 0.4981434106826782, 0.43878982663154603, 0.3629493236541748]","[0.7072195291519165, 0.5970125436782837, 0.46544197797775266, 0.3830460846424103, 0.339494127035141]","[0.7385591983795166, 0.6079965591430664, 0.5230227530002594, 0.43396917581558225, 0.37823112607002257]","[0.7825473308563232, 0.6157914161682129, 0.5200640082359314, 0.4204269766807556, 0.3521368682384491]",0.0,0.0,0.0,0.0,0.0,0.0,0.0,0.0,0.0,0.0,0.0,0.6256,0.0,15.31031608581543,15.27214002609253,15.310174942016602,15.126139640808105,15.210548877716064,0,0,0,0,0,0,0,0,0,0,0.04225015640258789,,,0
14,59.653333333333336,60.77333333333333,59.760000000000005,61.026666666666664,59.24,0.5518204188346864,0.5237686276435852,0.49040460824966425,0.47267058372497567,0.5123752868175506,"[73.33333333333333, 66.0, 44.666666666666664, 65.33333333333333, 59.653333333333336]","[48.0, 72.66666666666667, 68.66666666666667, 70.0, 60.77333333333333]","[53.333333333333336, 42.66666666666667, 59.333333333333336, 76.66666666666667, 59.760000000000005]","[38.666666666666664, 63.33333333333333, 57.99999999999999, 43.333333333333336, 61.026666666666664]","[62.66666666666667, 27.333333333333332, 56.666666666666664, 62.66666666666667, 59.24]","[0.7387290954589844, 0.6295626997947693, 0.5482596576213836, 0.46199494004249575, 0.38055570125579835]","[0.7266225099563599, 0.5958802700042725, 0.5051851570606232, 0.44182091355323794, 0.3493342876434326]","[0.6887994289398194, 0.5596124053001403, 0.46371098756790163, 0.4046699106693268, 0.3352303087711334]","[0.6869106769561768, 0.5365620076656341, 0.4506716787815094, 0.38192964196205137, 0.30727891325950624]","[0.7283425807952881, 0.5984443128108978, 0.49055325984954834, 0.41033077239990234, 0.3342055082321167]",0.0,0.0,0.0,0.0,0.0,0.0,0.0,0.0,0.0,0.0,0.0,0.6575,0.0,15.269599676132202,15.505327463150024,15.384358167648315,15.253437280654907,15.21927523612976,0,0,0,0,0,0,0,0,0,0,0.042324066162109375,,,0
15,57.599999999999994,55.60000000000001,58.373333333333335,57.99999999999999,61.546666666666674,0.5050732982158661,0.5148956990242005,0.45073011755943293,0.4371731400489807,0.4757611012458801,"[77.33333333333333, 52.666666666666664, 71.33333333333334, 78.66666666666666, 57.599999999999994]","[42.66666666666667, 70.0, 74.66666666666667, 71.33333333333334, 55.60000000000001]","[50.66666666666667, 67.33333333333333, 64.66666666666666, 65.33333333333333, 58.373333333333335]","[62.0, 70.66666666666667, 65.33333333333333, 63.33333333333333, 57.99999999999999]","[69.33333333333334, 43.333333333333336, 71.33333333333334, 74.66666666666667, 61.546666666666674]","[0.6933382749557495, 0.5666857659816742, 0.5149593710899353, 0.3899607717990875, 0.36042230725288393]","[0.729195237159729, 0.5862819671630859, 0.5043698668479919, 0.4176437079906464, 0.33698771595954896]","[0.6698089838027954, 0.5265977323055268, 0.41789626479148867, 0.339783638715744, 0.29956396818161013]","[0.6332052707672119, 0.4970561623573303, 0.41979971528053284, 0.34914737939834595, 0.28665717244148253]","[0.6723253428936005, 0.5157326102256775, 0.47262818217277525, 0.387093985080719, 0.33102538585662844]",0.0,0.0,0.0,0.0,0.0,0.0,0.0,0.0,0.0,0.0,0.0,0.6458,0.0,15.09177851676941,15.292351722717285,14.92798376083374,15.190974473953247,15.0494863986969,0,0,0,0,0,0,0,0,0,0,0.0403752326965332,,,0
16,63.346666666666664,58.14666666666667,52.22666666666667,61.29333333333334,61.919999999999995,0.46848810672760016,0.44654382228851314,0.41746053099632263,0.44257730484008795,0.4348520427942276,"[38.666666666666664, 54.666666666666664, 62.66666666666667, 60.0, 63.346666666666664]","[52.666666666666664, 53.333333333333336, 64.66666666666666, 85.33333333333334, 58.14666666666667]","[58.666666666666664, 62.66666666666667, 63.33333333333333, 64.66666666666666, 52.22666666666667]","[46.0, 42.66666666666667, 62.0, 79.33333333333333, 61.29333333333334]","[48.0, 57.333333333333336, 74.0, 66.0, 61.919999999999995]","[0.6604464650154114, 0.536449420452118, 0.4618538022041321, 0.3731564223766327, 0.3105344235897064]","[0.6568135857582093, 0.5269810378551483, 0.4291606664657593, 0.3401347160339355, 0.27962910532951357]","[0.6117599725723266, 0.4977706611156464, 0.40092135071754453, 0.3250138103961945, 0.25183686017990115]","[0.6275473356246948, 0.49484304785728456, 0.44713698625564574, 0.362553083896637, 0.28080607056617735]","[0.6346376597881317, 0.49925975799560546, 0.41020474433898924, 0.354185676574707, 0.27597237527370455]",0.0,0.0,0.0,0.0,0.0,0.0,0.0,0.0,0.0,0.0,0.0,0.6668,0.0,15.41594934463501,15.21428918838501,15.009779930114746,15.114423036575317,15.17417573928833,0,0,0,0,0,0,0,0,0,0,0.04316377639770508,,,0
17,55.54666666666667,42.86666666666667,60.84,57.61333333333334,60.01333333333333,0.4053744155168533,0.4229104351997376,0.3651082319021225,0.41134991586208347,0.4030277603864669,"[68.0, 76.0, 67.33333333333333, 74.0, 55.54666666666667]","[49.333333333333336, 54.666666666666664, 65.33333333333333, 49.333333333333336, 42.86666666666667]","[44.0, 69.33333333333334, 74.0, 62.0, 60.84]","[53.333333333333336, 60.0, 56.00000000000001, 67.33333333333333, 57.61333333333334]","[73.33333333333333, 57.99999999999999, 68.0, 57.99999999999999, 60.01333333333333]","[0.6141105175018311, 0.47556893825531005, 0.3892552375793457, 0.30885566473007203, 0.23908171951770782]","[0.6039907574653626, 0.4904626369476318, 0.3974559187889099, 0.34481587409973147, 0.277826988697052]","[0.5493995845317841, 0.41135911345481874, 0.34571354985237124, 0.27597143054008483, 0.24309748113155366]","[0.6099167764186859, 0.47135106921195985, 0.38574429750442507, 0.3055500477552414, 0.284187388420105]","[0.5666773080825805, 0.4766278326511383, 0.38014320135116575, 0.3449328362941742, 0.24675762355327607]",0.0,0.0,0.0,0.0,0.0,0.0,0.0,0.0,0.0,0.0,0.0,0.6589,0.0,15.134687423706055,14.946901798248291,15.089975595474243,15.420808792114258,15.288812160491943,0,0,0,0,0,0,0,0,0,0,0.04438519477844238,,,0
18,62.49333333333333,60.6,55.266666666666666,55.2,55.74666666666667,0.41053223669528965,0.39254162609577176,0.3732389032840729,0.36326174080371854,0.37123690605163573,"[61.33333333333333, 56.666666666666664, 66.0, 74.0, 62.49333333333333]","[61.33333333333333, 50.66666666666667, 68.66666666666667, 52.666666666666664, 60.6]","[31.333333333333336, 40.666666666666664, 70.0, 72.66666666666667, 55.266666666666666]","[57.333333333333336, 67.33333333333333, 77.33333333333333, 59.333333333333336, 55.2]","[76.0, 72.0, 55.333333333333336, 69.33333333333334, 55.74666666666667]","[0.6305211901664733, 0.45461331605911254, 0.39692882299423216, 0.3226081907749176, 0.24798966348171234]","[0.5764467537403106, 0.4516896903514862, 0.35819334387779234, 0.30195760130882265, 0.27442074120044707]","[0.5589495062828064, 0.45434115529060365, 0.3445153206586838, 0.29061963260173795, 0.2177689015865326]","[0.5081135749816894, 0.45952149033546447, 0.3377160608768463, 0.279163858294487, 0.23179371953010558]","[0.5873434901237488, 0.43286373615264895, 0.3356998085975647, 0.2766343176364899, 0.22364317774772643]",0.0,0.0,0.0,0.0,0.0,0.0,0.0,0.0,0.0,0.0,0.0,0.6445,0.0,15.181845903396606,15.287075996398926,15.359713554382324,15.125292539596558,15.443772554397583,0,0,0,0,0,0,0,0,0,0,0.0422670841217041,,,0
19,55.90666666666667,60.199999999999996,63.21333333333333,61.89333333333333,63.080000000000005,0.36587154090404506,0.36317177355289465,0.34663414478302,0.3366012275218963,0.36599073588848113,"[54.0, 53.333333333333336, 62.0, 68.0, 55.90666666666667]","[60.66666666666667, 64.0, 71.33333333333334, 76.66666666666667, 60.199999999999996]","[76.0, 35.333333333333336, 76.66666666666667, 66.0, 63.21333333333333]","[82.66666666666667, 64.66666666666666, 76.0, 73.33333333333333, 61.89333333333333]","[78.66666666666666, 75.33333333333333, 64.0, 72.66666666666667, 63.080000000000005]","[0.5517395853996276, 0.4421961486339569, 0.34873685240745544, 0.2716583877801895, 0.21502673029899597]","[0.5529348134994507, 0.42261282205581663, 0.3302695393562317, 0.2794865399599075, 0.2305551528930664]","[0.5312228620052337, 0.41456398367881775, 0.3378080725669861, 0.23747690618038178, 0.21209889948368071]","[0.5028025925159454, 0.4011084198951721, 0.3230236232280731, 0.26014353036880494, 0.1959279716014862]","[0.5517654299736023, 0.4359886646270752, 0.3419080197811127, 0.2811616897583008, 0.21912987530231476]",0.0,0.0,0.0,0.0,0.0,0.0,0.0,0.0,0.0,0.0,0.0,0.6658,0.0,15.28593921661377,15.281327486038208,15.48431658744812,15.288240909576416,15.4476478099823,0,0,0,0,0,0,0,0,0,0,0.04181838035583496,,,0
20,61.053333333333335,63.13333333333333,61.0,57.52,58.17333333333333,0.33889133095741275,0.3615735125541687,0.3065653693675995,0.3257972979545593,0.3486696815490723,"[66.0, 64.0, 77.33333333333333, 68.0, 61.053333333333335]","[56.00000000000001, 18.0, 74.0, 50.0, 63.13333333333333]","[61.33333333333333, 60.0, 64.0, 70.66666666666667, 61.0]","[83.33333333333334, 64.0, 79.33333333333333, 61.33333333333333, 57.52]","[52.666666666666664, 47.333333333333336, 75.33333333333333, 64.66666666666666, 58.17333333333333]","[0.5418684720993042, 0.38191532492637636, 0.3106421947479248, 0.25507144927978515, 0.2049592137336731]","[0.5262942790985108, 0.4469911754131317, 0.3376075327396393, 0.2787205994129181, 0.21825397610664368]","[0.48381930589675903, 0.34696980118751525, 0.28807353377342226, 0.2239294946193695, 0.1900347113609314]","[0.4831007719039917, 0.39784485697746275, 0.2977712094783783, 0.25925627052783967, 0.1910133808851242]","[0.5100283682346344, 0.4147424936294556, 0.3513737738132477, 0.2641206383705139, 0.20308313369750977]",0.0,0.0,0.0,0.0,0.0,0.0,0.0,0.0,0.0,0.0,0.0,0.6579,0.0,15.327273607254028,15.33939003944397,15.33226752281189,15.363483905792236,15.45439863204956,0,0,0,0,0,0,0,0,0,0,0.04122614860534668,,,0
21,58.266666666666666,55.10666666666667,62.2,57.34666666666667,56.653333333333336,0.3149222111701965,0.34963116645812986,0.29305364966392516,0.29726813316345213,0.31228851616382597,"[66.0, 63.33333333333333, 72.0, 72.0, 58.266666666666666]","[68.0, 70.66666666666667, 67.33333333333333, 82.0, 55.10666666666667]","[57.333333333333336, 66.0, 53.333333333333336, 79.33333333333333, 62.2]","[50.0, 54.666666666666664, 72.66666666666667, 76.0, 57.34666666666667]","[78.66666666666666, 69.33333333333334, 68.66666666666667, 79.33333333333333, 56.653333333333336]","[0.47646923661231994, 0.38836193084716797, 0.30000788569450376, 0.2204212635755539, 0.18935073912143707]","[0.5151846230030059, 0.4227267265319824, 0.3405918598175049, 0.25991534292697904, 0.20973728001117706]","[0.44919713139533995, 0.33866398930549624, 0.2868799418210983, 0.21661461889743805, 0.1739125669002533]","[0.45373241901397704, 0.3342783749103546, 0.3034172058105469, 0.220391121506691, 0.17452154457569122]","[0.4762035012245178, 0.356145441532135, 0.30678534507751465, 0.23891508281230928, 0.1833932101726532]",0.0,0.0,0.0,0.0,0.0,0.0,0.0,0.0,0.0,0.0,0.0,0.6567,0.0,15.33777904510498,15.312710523605347,15.171266078948975,15.295498132705688,15.465480327606201,0,0,0,0,0,0,0,0,0,0,0.04228377342224121,,,0
22,57.53333333333334,56.89333333333333,59.56,60.70666666666666,62.26666666666667,0.2837658911943436,0.31884418547153476,0.26811807334423066,0.2684455567598343,0.2801666933298111,"[68.0, 57.333333333333336, 78.66666666666666, 70.66666666666667, 57.53333333333334]","[45.33333333333333, 60.66666666666667, 72.66666666666667, 75.33333333333333, 56.89333333333333]","[68.66666666666667, 57.333333333333336, 55.333333333333336, 76.66666666666667, 59.56]","[74.0, 67.33333333333333, 78.0, 64.0, 60.70666666666666]","[60.66666666666667, 38.666666666666664, 64.66666666666666, 63.33333333333333, 62.26666666666667]","[0.4269629955291748, 0.3805636286735535, 0.24874158203601837, 0.20696523487567903, 0.1555960148572922]","[0.4674355983734131, 0.38158113360404966, 0.3136688232421875, 0.23893298506736754, 0.19260238707065583]","[0.3801190972328186, 0.32191471457481385, 0.2742783159017563, 0.195771723985672, 0.16850651502609254]","[0.384981632232666, 0.32684230208396914, 0.2554952591657639, 0.206240114569664, 0.16866847574710847]","[0.42813153862953185, 0.31293012499809264, 0.26973373591899874, 0.2190054953098297, 0.17103257179260253]",0.0,0.0,0.0,0.0,0.0,0.0,0.0,0.0,0.0,0.0,0.0,0.6488,0.0,15.128920078277588,14.98995327949524,15.244580030441284,15.31316590309143,15.14222764968872,0,0,0,0,0,0,0,0,0,0,0.04134964942932129,,,0
23,59.96,56.733333333333334,55.84,58.50666666666666,62.866666666666674,0.2760555073618889,0.29824918687343593,0.2642718309164047,0.2518072697520256,0.2800554078817367,"[61.33333333333333, 68.0, 78.66666666666666, 57.333333333333336, 59.96]","[65.33333333333333, 64.0, 73.33333333333333, 70.66666666666667, 56.733333333333334]","[72.66666666666667, 64.66666666666666, 86.0, 81.33333333333333, 55.84]","[76.66666666666667, 83.33333333333334, 74.66666666666667, 76.0, 58.50666666666666]","[54.666666666666664, 66.0, 66.0, 69.33333333333334, 62.866666666666674]","[0.4310153365135193, 0.3322480499744415, 0.26009834706783297, 0.21051051914691926, 0.14640528410673143]","[0.45643000602722167, 0.36975231766700745, 0.28733926713466645, 0.2210676670074463, 0.156656676530838]","[0.4320367693901062, 0.3258558213710785, 0.2411712646484375, 0.18583833575248718, 0.13645696341991426]","[0.37074537575244904, 0.3090215802192688, 0.22830548882484436, 0.20110657215118408, 0.14985733181238176]","[0.4141807556152344, 0.3334714949131012, 0.2940075010061264, 0.20171546936035156, 0.15690181851387025]",0.0,0.0,0.0,0.0,0.0,0.0,0.0,0.0,0.0,0.0,0.0,0.6595,0.0,14.922784566879272,15.117056608200073,15.03831148147583,15.01698112487793,15.205857515335083,0,0,0,0,0,0,0,0,0,0,0.04397273063659668,,,0
24,58.720000000000006,46.400000000000006,63.0,54.10666666666667,62.61333333333333,0.3047503054141999,0.27423441797494885,0.2315726053714752,0.2384156456589699,0.2485418310761452,"[66.0, 68.66666666666667, 78.0, 62.0, 58.720000000000006]","[50.66666666666667, 42.66666666666667, 67.33333333333333, 75.33333333333333, 46.400000000000006]","[74.0, 76.66666666666667, 76.0, 65.33333333333333, 63.0]","[53.333333333333336, 60.66666666666667, 66.66666666666666, 83.33333333333334, 54.10666666666667]","[26.666666666666668, 63.33333333333333, 82.66666666666667, 70.0, 62.61333333333333]","[0.43690983653068544, 0.36140053868293764, 0.3000137865543365, 0.23820706307888032, 0.18722030222415925]","[0.41626439094543455, 0.358572781085968, 0.24004877209663392, 0.19625107944011688, 0.16003506630659103]","[0.34343466758728025, 0.2932711005210876, 0.22234836220741272, 0.16326977759599687, 0.1355391189455986]","[0.3643102705478668, 0.27972765564918517, 0.21208952665328978, 0.19112783968448638, 0.1448229357600212]","[0.3676397055387497, 0.30981009900569917, 0.23776781558990479, 0.19057387113571167, 0.13691766411066056]",0.0,0.0,0.0,0.0,0.0,0.0,0.0,0.0,0.0,0.0,0.0,0.6587,0.0,15.097849607467651,15.081656455993652,15.122702836990356,15.025147438049316,15.217764139175415,0,0,0,0,0,0,0,0,0,0,0.041092872619628906,,,0
25,62.0,61.160000000000004,60.199999999999996,58.77333333333333,59.906666666666666,0.2453256171941757,0.2466846215724945,0.2274738344550133,0.24051340192556384,0.22739954769611362,"[45.33333333333333, 77.33333333333333, 62.66666666666667, 72.66666666666667, 62.0]","[66.0, 64.66666666666666, 50.66666666666667, 41.333333333333336, 61.160000000000004]","[72.0, 20.666666666666668, 48.66666666666667, 85.33333333333334, 60.199999999999996]","[59.333333333333336, 7.333333333333333, 60.66666666666667, 61.33333333333333, 58.77333333333333]","[61.33333333333333, 64.0, 86.0, 86.0, 59.906666666666666]","[0.3439911186695099, 0.31533882915973666, 0.2605638325214386, 0.17102470993995667, 0.13570959568023683]","[0.3893156945705414, 0.2747653484344482, 0.22806291580200194, 0.18128154873847963, 0.15999760031700133]","[0.3436571478843689, 0.2929880380630493, 0.21131128072738647, 0.16337263882160186, 0.1260400667786598]","[0.34872701168060305, 0.2769747793674469, 0.23141203820705414, 0.20227055251598358, 0.14318262785673141]","[0.3162580102682114, 0.28759085536003115, 0.21852056682109833, 0.1711246997117996, 0.1435036063194275]",0.0,0.0,0.0,0.0,0.0,0.0,0.0,0.0,0.0,0.0,0.0,0.6603,0.0,14.913052082061768,14.992401838302612,15.204953908920288,15.343273639678955,15.105429649353027,0,0,0,0,0,0,0,0,0,0,0.040772438049316406,,,0
26,58.813333333333325,60.74666666666667,59.226666666666674,61.133333333333326,38.78666666666667,0.21740058779716492,0.2187632903456688,0.18195631116628647,0.19759169816970826,0.22414611339569096,"[73.33333333333333, 44.0, 66.66666666666666, 74.66666666666667, 58.813333333333325]","[74.66666666666667, 71.33333333333334, 67.33333333333333, 82.0, 60.74666666666667]","[76.66666666666667, 56.00000000000001, 68.66666666666667, 80.66666666666666, 59.226666666666674]","[82.66666666666667, 36.0, 64.66666666666666, 88.66666666666667, 61.133333333333326]","[62.0, 64.0, 61.33333333333333, 85.33333333333334, 38.78666666666667]","[0.33429017663002014, 0.2715451747179031, 0.19798202216625213, 0.15611664652824403, 0.12706891894340516]","[0.3340002357959747, 0.2641739100217819, 0.20658900141716002, 0.1584517240524292, 0.13060158044099807]","[0.2870439440011978, 0.232551771402359, 0.16536957323551177, 0.12917441725730897, 0.09564184993505478]","[0.3041395366191864, 0.2472593754529953, 0.18369018137454987, 0.14362395107746123, 0.10924544632434845]","[0.30578836500644685, 0.2687301576137543, 0.23211519718170165, 0.18943831622600554, 0.12465853095054627]",0.0,0.0,0.0,0.0,0.0,0.0,0.0,0.0,0.0,0.0,0.0,0.6626,0.0,15.058326482772827,15.015148162841797,15.038895606994629,15.339565753936768,15.10691213607788,0,0,0,0,0,0,0,0,0,0,0.04162287712097168,,,0
27,58.733333333333334,57.61333333333334,60.64000000000001,59.226666666666674,50.2,0.23402221024036404,0.2213338553905487,0.18942987233400344,0.21135128110647203,0.20176914602518084,"[68.0, 75.33333333333333, 62.0, 76.66666666666667, 58.733333333333334]","[55.333333333333336, 71.33333333333334, 70.0, 70.0, 57.61333333333334]","[72.66666666666667, 84.0, 64.66666666666666, 75.33333333333333, 60.64000000000001]","[49.333333333333336, 65.33333333333333, 66.66666666666666, 72.0, 59.226666666666674]","[72.66666666666667, 81.33333333333333, 72.0, 84.0, 50.2]","[0.31442602872848513, 0.28787224292755126, 0.23934682905673982, 0.19796360433101653, 0.13050234615802764]","[0.3465373575687408, 0.26498098373413087, 0.20511795282363893, 0.16605680137872697, 0.12397618144750595]","[0.2821787536144257, 0.23849976658821107, 0.20070066750049592, 0.1292833536863327, 0.09648682028055192]","[0.29865591824054716, 0.28336384892463684, 0.206603342294693, 0.1606302320957184, 0.10750306397676468]","[0.2780107259750366, 0.25374228954315187, 0.1888701796531677, 0.16631886661052703, 0.12190366834402085]",0.0,0.0,0.0,0.0,0.0,0.0,0.0,0.0,0.0,0.0,0.0,0.6569,0.0,15.198338985443115,15.40073537826538,15.196194171905518,15.340325832366943,15.138897180557251,0,0,0,0,0,0,0,0,0,0,0.042981863021850586,,,0
28,54.54666666666667,62.63999999999999,62.2,58.45333333333333,47.54666666666667,0.2115466132760048,0.20252123743295672,0.17064960986375807,0.18507861137390136,0.2175977537035942,"[57.99999999999999, 64.66666666666666, 56.00000000000001, 76.66666666666667, 54.54666666666667]","[84.66666666666667, 66.0, 62.66666666666667, 83.33333333333334, 62.63999999999999]","[81.33333333333333, 70.0, 72.0, 84.0, 62.2]","[50.66666666666667, 70.0, 60.0, 79.33333333333333, 58.45333333333333]","[88.66666666666667, 82.66666666666667, 50.0, 73.33333333333333, 47.54666666666667]","[0.31016234755516053, 0.2484028458595276, 0.22054459452629088, 0.15872038453817366, 0.11990289390087128]","[0.28920449912548063, 0.2334294080734253, 0.21428037583827972, 0.15160445123910904, 0.12408745288848877]","[0.26729907393455504, 0.20525023490190505, 0.1672743335366249, 0.12435939460992813, 0.08906501233577728]","[0.2682563692331314, 0.2092203289270401, 0.17185990512371063, 0.1575094610452652, 0.1185469925403595]","[0.31926973462104796, 0.2554494500160217, 0.19505654275417328, 0.1764845684170723, 0.14172847270965577]",0.0,0.0,0.0,0.0,0.0,0.0,0.0,0.0,0.0,0.0,0.0,0.6586,0.0,15.243029356002808,15.088670492172241,15.23681116104126,15.323304653167725,15.277125597000122,0,0,0,0,0,0,0,0,0,0,0.04309368133544922,,,0
29,51.57333333333334,58.74666666666667,45.74666666666667,50.68,61.24000000000001,0.2186269810795784,0.19812431931495667,0.18035279542207716,0.18258853048086165,0.21979841500520703,"[62.66666666666667, 53.333333333333336, 68.66666666666667, 80.0, 51.57333333333334]","[78.0, 80.0, 85.33333333333334, 78.66666666666666, 58.74666666666667]","[76.66666666666667, 80.0, 82.66666666666667, 69.33333333333334, 45.74666666666667]","[38.666666666666664, 50.66666666666667, 90.0, 74.0, 50.68]","[55.333333333333336, 80.0, 64.0, 80.0, 61.24000000000001]","[0.35340929329395293, 0.24642983078956604, 0.19859375953674316, 0.16457295715808867, 0.13012906461954116]","[0.3101278871297836, 0.24111791253089904, 0.18929598331451417, 0.14562626481056212, 0.10445354878902435]","[0.24689818024635315, 0.22591041922569274, 0.17391586899757386, 0.14439482539892196, 0.11064468324184418]","[0.2557446539402008, 0.23540218770503998, 0.1778164952993393, 0.14185870736837386, 0.10212060809135437]","[0.29963216483592986, 0.28038579821586607, 0.2263277977705002, 0.16200353801250458, 0.1306427761912346]",0.0,0.0,0.0,0.0,0.0,0.0,0.0,0.0,0.0,0.0,0.0,0.6197,0.0,15.382195949554443,15.360570430755615,15.435520648956299,15.382179975509644,15.624272346496582,0,0,0,0,0,0,0,0,0,0,0.04558968544006348,,,0
30,58.440000000000005,58.306666666666665,51.42666666666666,40.586666666666666,60.266666666666666,0.17413006037473677,0.1896749436855316,0.15142682656645773,0.16109074681997299,0.19270893037319184,"[54.0, 50.0, 78.66666666666666, 74.0, 58.440000000000005]","[67.33333333333333, 34.0, 88.0, 70.0, 58.306666666666665]","[77.33333333333333, 48.66666666666667, 36.0, 78.0, 51.42666666666666]","[63.33333333333333, 75.33333333333333, 81.33333333333333, 76.66666666666667, 40.586666666666666]","[66.0, 61.33333333333333, 68.0, 81.33333333333333, 60.266666666666666]","[0.27740236818790437, 0.18157472908496858, 0.1656086653470993, 0.13569044023752214, 0.11037409901618958]","[0.2983279138803482, 0.228651824593544, 0.18380044102668763, 0.1366313338279724, 0.10096320509910583]","[0.23964554071426392, 0.18313088417053222, 0.13116803616285325, 0.10847955197095871, 0.09471011981368065]","[0.2421601176261902, 0.18786900341510773, 0.16852642893791198, 0.10922964364290237, 0.09766854047775268]","[0.2978697374463081, 0.22127336263656616, 0.17873860895633698, 0.14451040029525758, 0.12115254253149033]",0.0,0.0,0.0,0.0,0.0,0.0,0.0,0.0,0.0,0.0,0.0,0.6456,0.0,15.39311933517456,15.301299571990967,15.356787204742432,15.379201412200928,15.404049634933472,0,0,0,0,0,0,0,0,0,0,0.04467010498046875,,,0
31,51.026666666666664,32.93333333333333,60.66666666666667,56.70666666666667,62.4,0.1751887556910515,0.17695788919925687,0.13540457844734194,0.14496112078428267,0.1832851529121399,"[68.0, 42.0, 84.66666666666667, 82.0, 51.026666666666664]","[71.33333333333334, 74.66666666666667, 77.33333333333333, 68.66666666666667, 32.93333333333333]","[88.66666666666667, 60.66666666666667, 78.66666666666666, 78.66666666666666, 60.66666666666667]","[16.0, 81.33333333333333, 86.0, 88.0, 56.70666666666667]","[19.333333333333332, 62.0, 68.66666666666667, 72.0, 62.4]","[0.272444412112236, 0.19970783293247224, 0.18542074263095856, 0.13042646944522857, 0.08794432133436203]","[0.2804824262857437, 0.21414695978164672, 0.16215945184230804, 0.1319880485534668, 0.0960125595331192]","[0.2017189472913742, 0.16444247514009475, 0.12462440580129623, 0.09995273053646088, 0.08628433346748351]","[0.19508471935987473, 0.1828930288553238, 0.15012058913707732, 0.1065257027745247, 0.09018156379461288]","[0.26630501747131347, 0.1968623846769333, 0.1931649625301361, 0.13861051946878433, 0.12148288041353225]",0.0,0.0,0.0,0.0,0.0,0.0,0.0,0.0,0.0,0.0,0.0,0.661,0.0,15.374543905258179,15.203705072402954,15.310462474822998,15.084941387176514,15.409985065460205,0,0,0,0,0,0,0,0,0,0,0.04125475883483887,,,0
32,37.68,57.16,54.16,59.18666666666667,56.44,0.1647753155231476,0.17182442486286162,0.14976261943578723,0.1603286129236221,0.18651191264390943,"[72.66666666666667, 70.66666666666667, 70.66666666666667, 74.66666666666667, 37.68]","[80.66666666666666, 77.33333333333333, 77.33333333333333, 62.0, 57.16]","[52.0, 10.0, 76.0, 68.0, 54.16]","[45.33333333333333, 74.66666666666667, 14.000000000000002, 66.66666666666666, 59.18666666666667]","[77.33333333333333, 57.99999999999999, 76.0, 81.33333333333333, 56.44]","[0.21875360310077668, 0.1977471560239792, 0.1652684599161148, 0.13595276027917863, 0.10615459829568863]","[0.23828727900981903, 0.21066952347755433, 0.1667678326368332, 0.1396816223859787, 0.10371586680412292]","[0.20695563554763793, 0.1804678738117218, 0.1490270435810089, 0.12415896207094193, 0.08820358216762543]","[0.2279372900724411, 0.19577927142381668, 0.1648826777935028, 0.12550681531429292, 0.08753701001405716]","[0.2550328254699707, 0.228802689909935, 0.18291532695293428, 0.14915378093719484, 0.11665493994951248]",0.0,0.0,0.0,0.0,0.0,0.0,0.0,0.0,0.0,0.0,0.0,0.639,0.0,15.357470512390137,15.243514776229858,15.140958309173584,15.26424765586853,15.468985557556152,0,0,0,0,0,0,0,0,0,0,0.04122114181518555,,,0
33,60.36,53.54666666666667,61.88,60.626666666666665,60.10666666666666,0.1731797316670418,0.16289698511362077,0.12741936400532722,0.14150980740785601,0.16821088910102847,"[60.0, 56.666666666666664, 76.66666666666667, 77.33333333333333, 60.36]","[80.66666666666666, 56.00000000000001, 66.66666666666666, 46.0, 53.54666666666667]","[52.0, 53.333333333333336, 73.33333333333333, 82.0, 61.88]","[79.33333333333333, 86.66666666666667, 71.33333333333334, 80.0, 60.626666666666665]","[53.333333333333336, 81.33333333333333, 41.333333333333336, 88.66666666666667, 60.10666666666666]","[0.2683379650115967, 0.22408539354801177, 0.16746244430541993, 0.11802170425653458, 0.08799115121364594]","[0.2314980298280716, 0.18309546411037445, 0.15920204818248748, 0.12805269062519073, 0.11263669282197952]","[0.1835261896252632, 0.1687908411026001, 0.12651633471250534, 0.09260603189468383, 0.06565742269158363]","[0.23040106892585754, 0.18279446065425872, 0.12158340513706208, 0.09558125510811806, 0.07718884721398353]","[0.2341073125600815, 0.20775907337665558, 0.17743126153945923, 0.12534327954053878, 0.09641351848840714]",0.0,0.0,0.0,0.0,0.0,0.0,0.0,0.0,0.0,0.0,0.0,0.6641,0.0,15.264710664749146,15.395574808120728,15.309564113616943,15.367071151733398,15.21077561378479,0,0,0,0,0,0,0,0,0,0,0.0416569709777832,,,0
34,56.22666666666667,62.28,55.333333333333336,56.52,49.50666666666667,0.1542135685682297,0.1356410524249077,0.11533636674284937,0.14249817579984667,0.15221627563238144,"[84.0, 70.0, 62.66666666666667, 86.0, 56.22666666666667]","[81.33333333333333, 62.66666666666667, 74.0, 88.0, 62.28]","[74.0, 84.66666666666667, 76.0, 87.33333333333333, 55.333333333333336]","[42.0, 64.0, 87.33333333333333, 88.0, 56.52]","[30.666666666666664, 63.33333333333333, 72.66666666666667, 84.0, 49.50666666666667]","[0.23106054067611695, 0.19647662043571473, 0.1309456318616867, 0.10805119574069977, 0.10453385412693024]","[0.2007884979248047, 0.18478341698646544, 0.13433447927236558, 0.0868688702583313, 0.07142999768257141]","[0.17037893384695052, 0.13632156550884247, 0.11295145452022552, 0.09106411412358284, 0.06596576571464538]","[0.1884995311498642, 0.1793692007660866, 0.14250923842191696, 0.1060265690088272, 0.0960863396525383]","[0.19161831140518187, 0.20247339606285095, 0.14860859513282776, 0.13176870346069336, 0.08661237210035325]",0.0,0.0,0.0,0.0,0.0,0.0,0.0,0.0,0.0,0.0,0.0,0.6424,0.0,15.30187177658081,15.1815345287323,15.34495210647583,15.29800295829773,15.353588342666626,0,0,0,0,0,0,0,0,0,0,0.04341554641723633,,,0
35,63.14666666666666,60.25333333333334,63.66666666666667,53.693333333333335,55.13333333333333,0.16637648731470106,0.15974987208843233,0.1363309744000435,0.12008019402623178,0.13680368006229401,"[56.00000000000001, 57.99999999999999, 72.0, 67.33333333333333, 63.14666666666666]","[54.666666666666664, 64.66666666666666, 82.0, 76.0, 60.25333333333334]","[47.333333333333336, 79.33333333333333, 82.0, 65.33333333333333, 63.66666666666667]","[86.0, 79.33333333333333, 78.66666666666666, 56.00000000000001, 53.693333333333335]","[70.66666666666667, 67.33333333333333, 74.66666666666667, 87.33333333333333, 55.13333333333333]","[0.2394527018070221, 0.20497677326202393, 0.16317501664161682, 0.12708376795053483, 0.09719417691230774]","[0.20579161942005159, 0.202640300989151, 0.17086147367954255, 0.13587242513895034, 0.0835835412144661]","[0.17054924964904786, 0.16380010545253754, 0.13469942808151245, 0.10716448128223419, 0.1054416075348854]","[0.1715458631515503, 0.1335507571697235, 0.11115444600582122, 0.0961123213171959, 0.08803758248686791]","[0.19107067435979844, 0.1655362665653229, 0.12165084183216095, 0.11449129283428192, 0.09126932471990586]",0.0,0.0,0.0,0.0,0.0,0.0,0.0,0.0,0.0,0.0,0.0,0.653,0.0,15.176449537277222,15.236958503723145,15.1764075756073,15.420102834701538,15.259965181350708,0,0,0,0,0,0,0,0,0,0,0.04203629493713379,,,0
36,63.306666666666665,59.01333333333333,58.84,58.02666666666667,61.026666666666664,0.1360581648349762,0.14631720215082167,0.11700084671378135,0.13698287069797516,0.14591575115919114,"[66.66666666666666, 53.333333333333336, 45.33333333333333, 88.0, 63.306666666666665]","[40.0, 56.666666666666664, 88.0, 64.66666666666666, 59.01333333333333]","[58.666666666666664, 88.0, 80.0, 82.66666666666667, 58.84]","[52.666666666666664, 53.333333333333336, 44.666666666666664, 67.33333333333333, 58.02666666666667]","[50.0, 64.66666666666666, 71.33333333333334, 88.66666666666667, 61.026666666666664]","[0.1798355132341385, 0.17441824078559875, 0.13754996359348298, 0.10521986931562424, 0.08326723724603653]","[0.19948946833610534, 0.17566215097904206, 0.14774115085601808, 0.11331910341978073, 0.09537413716316223]","[0.16392357349395753, 0.15587372332811356, 0.103981414437294, 0.08321045860648155, 0.07801506370306015]","[0.16329622864723206, 0.15814137309789658, 0.15449970066547394, 0.12079062014818191, 0.08818643093109131]","[0.193729992210865, 0.18444128036499025, 0.1477354273200035, 0.10693894326686859, 0.0967331126332283]",0.0,0.0,0.0,0.0,0.0,0.0,0.0,0.0,0.0,0.0,0.0,0.6625,0.0,15.172516822814941,15.23688292503357,15.236373901367188,15.248568296432495,15.485959768295288,0,0,0,0,0,0,0,0,0,0,0.041069984436035156,,,0
37,62.17333333333334,44.2,49.413333333333334,62.093333333333334,55.97333333333333,0.12720030307769775,0.13081517338752746,0.12347216978669169,0.1149369552731514,0.11996721148490905,"[88.66666666666667, 67.33333333333333, 84.66666666666667, 76.0, 62.17333333333334]","[51.33333333333333, 76.66666666666667, 81.33333333333333, 74.66666666666667, 44.2]","[79.33333333333333, 64.66666666666666, 92.0, 85.33333333333334, 49.413333333333334]","[42.0, 66.0, 62.66666666666667, 83.33333333333334, 62.093333333333334]","[80.0, 75.33333333333333, 68.66666666666667, 78.0, 55.97333333333333]","[0.18326996862888337, 0.14733127057552337, 0.12730208337306975, 0.09642805308103561, 0.08167013972997665]","[0.1906473994255066, 0.16845687925815583, 0.12708306461572647, 0.09119770750403404, 0.0766908161342144]","[0.15423212796449662, 0.1598725885152817, 0.13045627176761626, 0.08614696189761162, 0.08665289878845214]","[0.14139778763055802, 0.14742528796195983, 0.1247738778591156, 0.08421835824847221, 0.07686946466565132]","[0.1896585687994957, 0.142965829372406, 0.11704189777374267, 0.08530823811888695, 0.06486152336001397]",0.0,0.0,0.0,0.0,0.0,0.0,0.0,0.0,0.0,0.0,0.0,0.6334,0.0,15.316225528717041,15.537552833557129,15.234706401824951,15.386202335357666,15.347471237182617,0,0,0,0,0,0,0,0,0,0,0.04281902313232422,,,0
38,50.57333333333334,54.46666666666666,61.0,47.25333333333334,54.48,0.12601524755358698,0.1405756188929081,0.12325753435492517,0.11584965825080873,0.10851058900356292,"[80.0, 78.66666666666666, 78.0, 80.66666666666666, 50.57333333333334]","[18.0, 80.0, 72.0, 82.0, 54.46666666666666]","[29.333333333333332, 61.33333333333333, 66.66666666666666, 67.33333333333333, 61.0]","[84.0, 73.33333333333333, 82.0, 56.666666666666664, 47.25333333333334]","[64.0, 60.0, 70.0, 56.00000000000001, 54.48]","[0.15738251209259033, 0.13643911629915237, 0.1293582648038864, 0.1116845078766346, 0.09521183669567108]","[0.20642510056495667, 0.1755698412656784, 0.12479032129049301, 0.11550202667713165, 0.08059080466628074]","[0.15130561590194702, 0.1628914937376976, 0.14433400332927704, 0.09724597185850144, 0.06051058694720268]","[0.1364552393555641, 0.14094215482473374, 0.12615348100662233, 0.0986037202179432, 0.07709369584918022]","[0.13952586948871612, 0.13519072085618972, 0.11678693741559983, 0.08185337781906128, 0.06919603943824768]",0.0,0.0,0.0,0.0,0.0,0.0,0.0,0.0,0.0,0.0,0.0,0.6437,0.0,15.43954062461853,15.408185958862305,15.55942988395691,15.372732877731323,15.148253440856934,0,0,0,0,0,0,0,0,0,0,0.04227614402770996,,,0
39,59.88,61.266666666666666,62.32,58.10666666666666,61.626666666666665,0.11889908745884896,0.13586384296417237,0.12057315737009049,0.1164690266549587,0.15590696156024936,"[82.0, 52.666666666666664, 76.66666666666667, 74.66666666666667, 59.88]","[72.66666666666667, 87.33333333333333, 82.66666666666667, 82.0, 61.266666666666666]","[72.66666666666667, 83.33333333333334, 43.333333333333336, 80.0, 62.32]","[71.33333333333334, 45.33333333333333, 60.0, 72.66666666666667, 58.10666666666666]","[57.333333333333336, 74.0, 66.66666666666666, 82.0, 61.626666666666665]","[0.17519404292106627, 0.14106328189373016, 0.1122177630662918, 0.09882478564977645, 0.06719556376338005]","[0.17218376696109772, 0.15591576248407363, 0.15732517838478088, 0.11165395826101303, 0.08224054872989654]","[0.1488918751478195, 0.14313886314630508, 0.1279608950018883, 0.0969645395874977, 0.08590961396694183]","[0.12380443811416626, 0.16309631168842315, 0.11934256106615067, 0.09187430441379547, 0.08422751799225807]","[0.22598205655813217, 0.19607384204864503, 0.15772683620452882, 0.11201840043067932, 0.08773367255926132]",0.0,0.0,0.0,0.0,0.0,0.0,0.0,0.0,0.0,0.0,0.0,0.6685,0.0,15.345378875732422,15.24375295639038,15.35117220878601,15.303121089935303,15.379418134689331,0,0,0,0,0,0,0,0,0,0,0.04226875305175781,,,0
40,57.04,58.4,56.85333333333333,53.82666666666667,59.56,0.11375203639268876,0.14017460852861402,0.09697149828076361,0.1037033636868,0.12084159567952155,"[58.666666666666664, 54.666666666666664, 72.66666666666667, 84.0, 57.04]","[24.666666666666668, 66.0, 75.33333333333333, 62.66666666666667, 58.4]","[61.33333333333333, 79.33333333333333, 81.33333333333333, 66.0, 56.85333333333333]","[84.66666666666667, 80.66666666666666, 61.33333333333333, 84.0, 53.82666666666667]","[45.33333333333333, 84.66666666666667, 69.33333333333334, 78.66666666666666, 59.56]","[0.1545560270547867, 0.14118615686893463, 0.10700149238109588, 0.09842364117503166, 0.06759286448359489]","[0.1482459343969822, 0.20318695306777954, 0.14097540378570556, 0.11857248619198799, 0.08989226520061493]","[0.1219172790646553, 0.10805111452937126, 0.10580096989870072, 0.08735843300819397, 0.061729694902896884]","[0.12896740883588792, 0.1433895170688629, 0.10324549078941345, 0.0749350629746914, 0.06797933876514435]","[0.13864116072654725, 0.1502431184053421, 0.11974669545888901, 0.09853134378790855, 0.0970456600189209]",48.66666666666667,48.0,50.0,51.0,49.0,48.66666666666667,48.0,50.0,51.0,49.0,50.68,0.6415,50.68,15.388627767562866,15.254945755004883,15.304774761199951,15.155620336532593,15.261961221694946,0,0,0,0,0,0,0,0,0,0,0.047827720642089844,,,0
41,52.93333333333333,61.01333333333333,54.44,57.68,46.413333333333334,0.12721169039607047,0.12286925047636033,0.10012141689658165,0.11623950079083441,0.1266717803478241,"[24.0, 58.666666666666664, 77.33333333333333, 69.33333333333334, 52.93333333333333]","[82.66666666666667, 50.0, 54.0, 73.33333333333333, 61.01333333333333]","[73.33333333333333, 50.66666666666667, 86.66666666666667, 74.0, 54.44]","[67.33333333333333, 70.66666666666667, 73.33333333333333, 73.33333333333333, 57.68]","[51.33333333333333, 54.0, 48.66666666666667, 72.66666666666667, 46.413333333333334]","[0.14670121669769287, 0.15245918333530425, 0.13673629611730576, 0.1101550206542015, 0.09000673517584801]","[0.1448760524392128, 0.15498352497816087, 0.13034627884626387, 0.11250390261411666, 0.0716364935040474]","[0.12402134239673615, 0.1327284961938858, 0.09532016217708587, 0.08567907959222794, 0.06285800412297249]","[0.12526688128709793, 0.16436692029237748, 0.12312513142824173, 0.09076765179634094, 0.07767091915011406]","[0.14470505863428115, 0.14818720519542694, 0.14574030339717864, 0.11443179398775101, 0.08029454052448273]",48.0,56.333333333333336,50.33333333333333,53.666666666666664,51.66666666666667,48.0,56.33333333333332,50.33333333333333,53.666666666666664,51.66666666666666,51.480000000000004,0.6398,51.47999999999999,15.260157346725464,15.216623067855835,15.313297986984253,15.313923358917236,15.411311149597168,0,0,0,0,0,0,0,0,0,0,0.04131674766540527,,,0
42,59.199999999999996,50.32,62.38666666666667,54.58666666666666,49.29333333333334,0.11019490301609039,0.11770267128944396,0.09296474605798721,0.10233227029442789,0.1076282288134098,"[48.66666666666667, 67.33333333333333, 82.66666666666667, 90.0, 59.199999999999996]","[70.0, 54.0, 71.33333333333334, 72.0, 50.32]","[76.0, 69.33333333333334, 50.0, 74.66666666666667, 62.38666666666667]","[57.333333333333336, 86.66666666666667, 57.333333333333336, 77.33333333333333, 54.58666666666666]","[82.66666666666667, 66.0, 44.666666666666664, 81.33333333333333, 49.29333333333334]","[0.15931690186262132, 0.13512528985738753, 0.10874924510717392, 0.07130363211035728, 0.07647944614291191]","[0.14935306906700135, 0.14919136762619017, 0.1210869774222374, 0.09827250838279725, 0.07060943394899369]","[0.11103039979934692, 0.10780945420265198, 0.10838229209184647, 0.07401391789317131, 0.06358766630291939]","[0.12880361825227737, 0.12547093480825425, 0.11031544357538223, 0.07399932071566581, 0.0730720341205597]","[0.1475660890340805, 0.1316361054778099, 0.10039323717355728, 0.08784103989601136, 0.07070467248558998]",54.0,47.66666666666667,50.33333333333333,50.66666666666667,53.0,54.0,47.66666666666667,50.33333333333333,50.66666666666666,53.0,50.93333333333333,0.6442,50.93333333333333,15.313699007034302,15.061881065368652,15.309568405151367,15.221451759338379,15.269301176071167,0,0,0,0,0,0,0,0,0,0,0.04291701316833496,,,0
43,57.10666666666666,51.72,58.54666666666667,59.54666666666667,54.32,0.10885985851287842,0.12141646936535837,0.08550088807940484,0.10308760762214661,0.10463807418942453,"[80.0, 60.0, 50.0, 83.33333333333334, 57.10666666666666]","[84.66666666666667, 44.666666666666664, 68.66666666666667, 82.66666666666667, 51.72]","[68.0, 38.0, 66.0, 59.333333333333336, 58.54666666666667]","[75.33333333333333, 70.66666666666667, 40.0, 83.33333333333334, 59.54666666666667]","[62.0, 57.99999999999999, 76.66666666666667, 71.33333333333334, 54.32]","[0.14612928479909898, 0.13703810721635817, 0.10539714768528938, 0.08867809325456619, 0.06705665960907936]","[0.15607564598321916, 0.1302263244986534, 0.12841963022947311, 0.1064202219247818, 0.0859405241906643]","[0.09294736981391907, 0.10368592441082, 0.08678369671106338, 0.08610948473215103, 0.057977964729070665]","[0.15445170998573304, 0.120758318901062, 0.08786257058382034, 0.08596145436167717, 0.06640398427844048]","[0.1119662843644619, 0.12826888412237167, 0.10924138128757477, 0.09370056539773941, 0.08001325577497483]",51.66666666666667,51.0,46.666666666666664,49.666666666666664,49.333333333333336,51.66666666666666,51.0,46.666666666666664,49.666666666666664,49.333333333333336,52.68000000000001,0.6354,52.68000000000001,15.349284172058105,15.090179920196533,15.301228284835815,15.193422317504883,15.26553225517273,0,0,0,0,0,0,0,0,0,0,0.04370713233947754,,,0
44,61.89333333333333,59.53333333333334,60.08,62.8,45.96,0.10638411559164525,0.10476844400167466,0.07850903078913687,0.1044234275817871,0.12564482301473617,"[30.0, 74.0, 73.33333333333333, 84.66666666666667, 61.89333333333333]","[82.0, 74.66666666666667, 82.66666666666667, 75.33333333333333, 59.53333333333334]","[78.66666666666666, 90.0, 55.333333333333336, 57.99999999999999, 60.08]","[57.99999999999999, 30.666666666666664, 79.33333333333333, 76.66666666666667, 62.8]","[66.0, 42.0, 82.66666666666667, 79.33333333333333, 45.96]","[0.12625994980335237, 0.15747488737106324, 0.1036367267370224, 0.08634881898760796, 0.05820019505918026]","[0.11664535999298095, 0.1281814843416214, 0.11801094710826873, 0.09305606186389923, 0.06794836670160294]","[0.08322721347212791, 0.08727743998169898, 0.07643304616212845, 0.0837601862847805, 0.061847268044948576]","[0.125494584441185, 0.1378957912325859, 0.1150424599647522, 0.07612972930073739, 0.06755457296967507]","[0.13368600159883498, 0.1373649463057518, 0.12285827249288558, 0.1309015154838562, 0.1034133791923523]",51.33333333333333,51.0,47.333333333333336,51.66666666666667,48.333333333333336,51.33333333333334,51.0,47.333333333333336,51.66666666666666,48.33333333333334,50.513333333333335,0.6648,50.513333333333335,15.262970447540283,15.41736364364624,15.250463962554932,15.414546489715576,15.141018867492676,0,0,0,0,0,0,0,0,0,0,0.04352259635925293,,,0
45,60.57333333333334,60.10666666666666,53.14666666666666,62.05333333333334,45.13333333333333,0.08935997232794762,0.10414120644330978,0.09426999121904374,0.09230503678321839,0.10321467071771624,"[84.0, 18.0, 74.66666666666667, 85.33333333333334, 60.57333333333334]","[77.33333333333333, 72.0, 77.33333333333333, 88.0, 60.10666666666666]","[71.33333333333334, 12.666666666666668, 77.33333333333333, 82.0, 53.14666666666666]","[43.333333333333336, 86.66666666666667, 70.0, 70.0, 62.05333333333334]","[79.33333333333333, 65.33333333333333, 82.0, 5.333333333333334, 45.13333333333333]","[0.1130850501358509, 0.12367819100618363, 0.07695810794830323, 0.07179614305496215, 0.061282369494438174]","[0.11964203715324402, 0.13964564353227615, 0.10509380102157592, 0.08621313124895096, 0.07011141926050186]","[0.11086411923170089, 0.11026675999164581, 0.11135823279619217, 0.08327342718839645, 0.055587416887283324]","[0.11183555275201798, 0.09436221197247505, 0.11037390083074569, 0.08015517145395279, 0.06479834690690041]","[0.1224718764424324, 0.12929350286722183, 0.10084979683160782, 0.07305214405059815, 0.09040603339672089]",44.333333333333336,53.0,48.66666666666667,53.666666666666664,51.66666666666667,44.333333333333336,53.0,48.66666666666666,53.666666666666664,51.66666666666666,51.56666666666667,0.6543,51.56666666666667,15.479648113250732,15.275200128555298,15.139249563217163,15.199372053146362,15.348230600357056,0,0,0,0,0,0,0,0,0,0,0.041864871978759766,,,0
46,39.78666666666666,53.14666666666666,56.18666666666666,42.21333333333334,46.93333333333333,0.09619959637522697,0.12058924123644829,0.0939537163078785,0.11693478912115096,0.09946803726255894,"[72.0, 64.0, 77.33333333333333, 68.0, 39.78666666666666]","[92.0, 78.0, 75.33333333333333, 48.66666666666667, 53.14666666666666]","[50.0, 73.33333333333333, 38.0, 68.66666666666667, 56.18666666666666]","[49.333333333333336, 84.66666666666667, 42.0, 72.66666666666667, 42.21333333333334]","[72.66666666666667, 64.66666666666666, 80.66666666666666, 84.66666666666667, 46.93333333333333]","[0.11200167536735535, 0.1225821852684021, 0.10204652696847916, 0.075788564234972, 0.06857903003692627]","[0.12058355957269669, 0.13612524121999742, 0.11767287999391556, 0.10923547595739365, 0.11932904943823815]","[0.09600119292736053, 0.12402278631925583, 0.08635940253734589, 0.09495529755949975, 0.06842990219593048]","[0.09986293315887451, 0.13551303893327712, 0.15222564339637756, 0.10972287058830262, 0.08734945952892303]","[0.11862512677907944, 0.105479134619236, 0.10775607973337173, 0.08896158039569854, 0.07651826478540898]",51.33333333333333,49.666666666666664,50.33333333333333,50.33333333333333,48.66666666666667,51.33333333333334,49.66666666666667,50.33333333333333,50.33333333333334,48.66666666666666,51.4,0.6344,51.4,15.479695796966553,15.158536195755005,15.315271615982056,15.343034267425537,15.368023872375488,0,0,0,0,0,0,0,0,0,0,0.04240012168884277,,,0
47,63.06666666666667,49.77333333333333,49.18666666666667,51.64,58.57333333333333,0.09358845099806785,0.11417486697435379,0.0782601112127304,0.09119890600442886,0.10642380625009536,"[57.99999999999999, 62.0, 64.0, 68.66666666666667, 63.06666666666667]","[86.66666666666667, 44.666666666666664, 63.33333333333333, 68.0, 49.77333333333333]","[84.0, 44.0, 74.0, 65.33333333333333, 49.18666666666667]","[63.33333333333333, 56.666666666666664, 82.0, 54.0, 51.64]","[87.33333333333333, 82.66666666666667, 63.33333333333333, 81.33333333333333, 58.57333333333333]","[0.09833410605788231, 0.1052723467350006, 0.0966440536081791, 0.09623263850808143, 0.07145911008119583]","[0.10380750074982643, 0.13128959983587266, 0.1402551054954529, 0.11443035751581192, 0.08109177127480507]","[0.0991957888007164, 0.08590122610330582, 0.08528745919466019, 0.06292949989438057, 0.057986582070589064]","[0.10008674263954162, 0.13104061186313629, 0.10018674954771996, 0.06603277549147606, 0.05864765048027039]","[0.14119785875082017, 0.12350847274065017, 0.09857451319694518, 0.09328238368034363, 0.07555580288171768]",51.33333333333333,53.333333333333336,53.0,52.0,53.0,51.33333333333333,53.333333333333336,53.0,52.0,53.0,51.72,0.6331,51.72,15.486594676971436,15.5410475730896,15.373923063278198,15.496163368225098,15.411155223846436,0,0,0,0,0,0,0,0,0,0,0.045989274978637695,,,0
48,32.28,52.76,61.28,57.666666666666664,53.093333333333334,0.10203492917120456,0.12405945464968682,0.07716914132237436,0.08578352123498917,0.09995668992400171,"[70.0, 86.0, 72.66666666666667, 83.33333333333334, 32.28]","[62.66666666666667, 78.66666666666666, 58.666666666666664, 49.333333333333336, 52.76]","[84.66666666666667, 55.333333333333336, 84.0, 87.33333333333333, 61.28]","[84.0, 86.0, 91.33333333333333, 61.33333333333333, 57.666666666666664]","[86.0, 83.33333333333334, 88.0, 84.66666666666667, 53.093333333333334]","[0.09952821508049965, 0.131990048289299, 0.11196347326040268, 0.09678070470690728, 0.06991220451891422]","[0.14205211848020555, 0.1691337674856186, 0.1295896902680397, 0.10629581809043884, 0.07322587892413139]","[0.08282096162438393, 0.0990212582051754, 0.08522656783461571, 0.06654305011034012, 0.05223386883735657]","[0.09929453954100609, 0.09787661731243133, 0.09724942147731781, 0.06620464473962784, 0.06829238310456276]","[0.10086188018321991, 0.12226668596267701, 0.11265289112925529, 0.09300338104367256, 0.0709986113011837]",47.66666666666667,49.333333333333336,54.0,53.0,49.333333333333336,47.66666666666667,49.33333333333333,54.0,52.99999999999999,49.333333333333336,51.81333333333333,0.6148,51.81333333333333,15.410841226577759,15.416781187057495,15.490903615951538,15.524216651916504,15.335702896118164,0,0,0,0,0,0,0,0,0,0,0.0429682731628418,,,0
49,40.44,60.053333333333335,39.86666666666667,58.440000000000005,55.22666666666667,0.0990373205393553,0.1086830233037472,0.07602334797382354,0.07298328317701816,0.11508986249566078,"[74.66666666666667, 34.0, 71.33333333333334, 72.0, 40.44]","[68.66666666666667, 82.66666666666667, 47.333333333333336, 85.33333333333334, 60.053333333333335]","[76.66666666666667, 31.333333333333336, 50.66666666666667, 78.0, 39.86666666666667]","[52.666666666666664, 69.33333333333334, 74.0, 79.33333333333333, 58.440000000000005]","[50.66666666666667, 67.33333333333333, 73.33333333333333, 88.66666666666667, 55.22666666666667]","[0.11085759028792382, 0.10777766406536102, 0.11615392044186593, 0.09856291115283966, 0.06183451674878597]","[0.10212713181972503, 0.10877507030963898, 0.14432111233472825, 0.10352927595376968, 0.08466252610087395]","[0.07746382504701614, 0.08219036981463432, 0.08346729278564453, 0.07102911472320557, 0.06596613749861717]","[0.06595887579023837, 0.09946460127830506, 0.08413750305771828, 0.063534564524889, 0.05182087123394012]","[0.13267143666744233, 0.1431227669119835, 0.12868403494358063, 0.08916662186384201, 0.08180445209145545]",51.33333333333333,50.66666666666667,51.0,55.333333333333336,50.33333333333333,51.33333333333334,50.66666666666666,51.0,55.33333333333334,50.33333333333333,50.67333333333334,0.6543,50.67333333333334,15.676004409790039,15.471395492553711,15.424581289291382,15.492079019546509,15.4923095703125,0,0,0,0,0,0,0,0,0,0,0.042560577392578125,,,0
