,client_accuracy_3,client_accuracy_1,client_accuracy_2,client_accuracy_0,client_accuracy_4,client_accuracy_per_epoch3,client_accuracy_per_epoch1,client_accuracy_per_epoch2,client_accuracy_per_epoch0,client_accuracy_per_epoch4,client_attack_3,client_attack_1,client_attack_2,client_attack_0,client_attack_4,client_auc_3,client_auc_1,client_auc_2,client_auc_0,client_auc_4,server_attack,server_accuracy,server_auc,client_round_duration_3,client_round_duration_1,client_round_duration_2,client_round_duration_0,client_round_duration_4,client_transformation_time_0,client_transformation_time_1,client_transformation_time_2,client_transformation_time_3,client_transformation_time_4,client_transformation_time_5,client_transformation_time_6,client_transformation_time_7,client_transformation_time_8,client_transformation_time_9,server_aggregation_duration,server_model_parameters_memory_usage,server_data_parameters_memory_usage,server_transformation_time
0,3.5449959930231465,3.530853721774384,3.827841417998397,3.827841417998397,3.8419836892471597,"[4.941176470588235, 4.0, 4.0, 3.5294117647058822, 3.5449959930231465]","[4.0, 4.0, 4.0, 4.0, 3.530853721774384]","[4.0, 4.0, 4.235294117647059, 4.941176470588235, 3.827841417998397]","[2.823529411764706, 3.5294117647058822, 3.5294117647058822, 2.823529411764706, 3.827841417998397]","[4.0, 4.0, 3.294117647058824, 2.1176470588235294, 3.8419836892471597]",0.0,0.0,0.0,0.0,0.0,0.0,0.0,0.0,0.0,0.0,0.0,0.03680145388459791,0.0,14.624114751815796,14.723105192184448,14.581305265426636,14.632130861282349,14.434231281280518,0,0,0,0,0,0,0,0,0,0,0.27800941467285156,,,0
1,23.994720218733796,23.65059161834724,17.583557252628104,10.502993447414323,20.129166077405365,"[3.5294117647058822, 4.941176470588235, 7.764705882352942, 14.117647058823529, 23.994720218733796]","[3.5294117647058822, 6.11764705882353, 9.176470588235293, 15.764705882352942, 23.65059161834724]","[4.235294117647059, 4.941176470588235, 5.88235294117647, 10.352941176470589, 17.583557252628104]","[2.823529411764706, 4.235294117647059, 3.294117647058824, 9.647058823529411, 10.502993447414323]","[4.0, 4.705882352941177, 7.529411764705881, 10.823529411764705, 20.129166077405365]",0.0,0.0,0.0,0.0,0.0,0.0,0.0,0.0,0.0,0.0,0.0,0.17619263970922308,0.0,14.809668779373169,14.597875118255615,14.593415975570679,14.73499584197998,14.66828441619873,0,0,0,0,0,0,0,0,0,0,0.26820850372314453,,,0
2,40.715598925187386,35.497100834394004,44.01074812614906,43.53462499410738,34.62970819780323,"[11.529411764705882, 18.352941176470587, 34.588235294117645, 41.88235294117647, 40.715598925187386]","[6.352941176470588, 25.41176470588235, 39.05882352941176, 34.11764705882353, 35.497100834394004]","[14.588235294117647, 29.411764705882355, 38.82352941176471, 37.1764705882353, 44.01074812614906]","[11.76470588235294, 28.235294117647058, 39.294117647058826, 41.88235294117647, 43.53462499410738]","[12.0, 21.41176470588235, 33.64705882352941, 36.470588235294116, 34.62970819780323]",0.0,0.0,0.0,0.0,0.0,0.0,0.0,0.0,0.0,0.0,0.0,0.4559745570195366,0.0,14.40519642829895,14.574058771133423,14.609113216400146,14.469502687454224,14.574511766433716,0,0,0,0,0,0,0,0,0,0,0.23082327842712402,,,0
3,57.8560316786876,53.38235987366238,55.678121906378166,56.76236270211663,60.21779097723095,"[23.294117647058822, 44.70588235294118, 48.705882352941174, 53.41176470588235, 57.8560316786876]","[22.11764705882353, 41.88235294117647, 48.94117647058824, 42.11764705882353, 53.38235987366238]","[29.411764705882355, 49.64705882352941, 46.82352941176471, 54.11764705882353, 55.678121906378166]","[18.823529411764707, 36.470588235294116, 27.52941176470588, 54.11764705882353, 56.76236270211663]","[21.88235294117647, 32.70588235294118, 51.76470588235295, 44.23529411764706, 60.21779097723095]",0.0,0.0,0.0,0.0,0.0,0.0,0.0,0.0,0.0,0.0,0.0,0.6265333939118582,0.0,14.95404577255249,14.809969425201416,14.502150058746338,14.538961410522461,14.416829109191895,0,0,0,0,0,0,0,0,0,0,0.275768518447876,,,0
4,61.93371988874746,64.54061188893603,51.14316692594164,54.77773063687361,64.54061188893603,"[31.294117647058822, 55.76470588235294, 56.705882352941174, 50.588235294117645, 61.93371988874746]","[31.529411764705884, 37.1764705882353, 48.94117647058824, 64.0, 64.54061188893603]","[38.588235294117645, 53.41176470588235, 53.88235294117647, 57.88235294117647, 51.14316692594164]","[24.941176470588236, 47.76470588235294, 56.23529411764706, 65.17647058823529, 54.77773063687361]","[41.411764705882355, 46.588235294117645, 61.1764705882353, 62.35294117647059, 64.54061188893603]",0.0,0.0,0.0,0.0,0.0,0.0,0.0,0.0,0.0,0.0,0.0,0.7011358473421172,0.0,14.768919944763184,14.533984899520874,14.81144118309021,14.600541114807129,14.634927034378052,0,0,0,0,0,0,0,0,0,0,0.2748141288757324,,,0
5,59.680384669777965,64.30019327770707,51.62871823881582,65.07801819638901,70.19752038844105,"[33.64705882352941, 58.35294117647059, 64.0, 62.588235294117645, 59.680384669777965]","[36.94117647058823, 61.882352941176464, 61.882352941176464, 56.705882352941174, 64.30019327770707]","[46.82352941176471, 58.11764705882353, 60.705882352941174, 68.94117647058823, 51.62871823881582]","[36.470588235294116, 54.8235294117647, 60.94117647058823, 59.76470588235294, 65.07801819638901]","[29.64705882352941, 54.11764705882353, 58.35294117647059, 58.11764705882353, 70.19752038844105]",0.0,0.0,0.0,0.0,0.0,0.0,0.0,0.0,0.0,0.0,0.0,0.7203089504770559,0.0,14.995769500732422,14.973403930664062,14.833451986312866,14.951394319534302,14.520833969116211,0,0,0,0,0,0,0,0,0,0,0.27040910720825195,,,0
6,69.82510724555698,68.86814689105736,64.3991891764484,66.98722481497195,68.38259557818319,"[40.470588235294116, 62.588235294117645, 66.58823529411765, 73.1764705882353, 69.82510724555698]","[49.411764705882355, 48.94117647058824, 44.70588235294118, 55.05882352941176, 68.86814689105736]","[37.64705882352941, 52.94117647058824, 63.76470588235294, 59.05882352941176, 64.3991891764484]","[28.705882352941174, 49.88235294117647, 65.88235294117646, 63.76470588235294, 66.98722481497195]","[46.35294117647059, 60.0, 56.00000000000001, 71.76470588235294, 68.38259557818319]",0.0,0.0,0.0,0.0,0.0,0.0,0.0,0.0,0.0,0.0,0.0,0.7739209450249886,0.0,14.66482663154602,15.697994470596313,16.43852710723877,14.76140570640564,14.597679138183594,0,0,0,0,0,0,0,0,0,0,0.27113986015319824,,,0
7,74.2469240560034,75.06246169801537,75.23688304341677,75.23216895300052,69.04256823645878,"[36.0, 59.29411764705882, 69.88235294117648, 70.35294117647058, 74.2469240560034]","[24.705882352941178, 51.294117647058826, 65.64705882352942, 70.82352941176471, 75.06246169801537]","[49.88235294117647, 61.1764705882353, 71.05882352941177, 68.47058823529412, 75.23688304341677]","[54.11764705882353, 63.294117647058826, 67.52941176470588, 72.0, 75.23216895300052]","[44.23529411764706, 63.05882352941177, 71.76470588235294, 67.29411764705883, 69.04256823645878]",0.0,0.0,0.0,0.0,0.0,0.0,0.0,0.0,0.0,0.0,0.0,0.8021808268968651,0.0,14.58098292350769,14.34787631034851,14.931564807891846,14.68022084236145,14.490076780319214,0,0,0,0,0,0,0,0,0,0,0.2633934020996094,,,0
8,67.70376655824258,71.78616885871871,69.38198274642907,76.66053834912555,75.02474897468532,"[49.88235294117647, 70.82352941176471, 74.58823529411764, 74.11764705882354, 67.70376655824258]","[50.117647058823536, 64.94117647058823, 73.41176470588235, 68.70588235294117, 71.78616885871871]","[45.64705882352941, 58.35294117647059, 54.8235294117647, 75.29411764705883, 69.38198274642907]","[52.0, 69.6470588235294, 75.52941176470588, 76.47058823529412, 76.66053834912555]","[53.88235294117647, 63.76470588235294, 72.23529411764706, 79.05882352941175, 75.02474897468532]",0.0,0.0,0.0,0.0,0.0,0.0,0.0,0.0,0.0,0.0,0.0,0.7899136756019991,0.0,14.607584714889526,14.718857049942017,14.59518313407898,14.759048700332642,14.967219829559326,0,0,0,0,0,0,0,0,0,0,0.19420528411865234,,,0
9,74.29406496016594,76.46254655164286,65.13458728138406,73.09668599443737,72.26229199076039,"[61.882352941176464, 56.00000000000001, 68.94117647058823, 77.88235294117646, 74.29406496016594]","[22.823529411764707, 70.35294117647058, 72.70588235294117, 78.58823529411765, 76.46254655164286]","[49.64705882352941, 67.76470588235294, 71.29411764705881, 74.58823529411764, 65.13458728138406]","[52.23529411764706, 61.882352941176464, 74.11764705882354, 74.11764705882354, 73.09668599443737]","[48.470588235294116, 63.52941176470588, 73.1764705882353, 71.29411764705881, 72.26229199076039]",0.0,0.0,0.0,0.0,0.0,0.0,0.0,0.0,0.0,0.0,0.0,0.8052703316674239,0.0,14.884240865707397,14.828933000564575,14.661458730697632,14.921457290649414,14.633561611175537,0,0,0,0,0,0,0,0,0,0,0.27881669998168945,,,0
10,78.25390090981945,66.89294300664686,76.65582425870929,77.45250553905623,77.25451374157356,"[57.41176470588235, 70.11764705882354, 68.0, 80.47058823529412, 78.25390090981945]","[50.117647058823536, 71.76470588235294, 74.58823529411764, 78.82352941176471, 66.89294300664686]","[49.88235294117647, 64.94117647058823, 73.6470588235294, 69.17647058823529, 76.65582425870929]","[52.23529411764706, 60.0, 74.3529411764706, 79.29411764705883, 77.45250553905623]","[57.41176470588235, 70.58823529411765, 77.88235294117646, 76.47058823529412, 77.25451374157356]",0.0,0.0,0.0,0.0,0.0,0.0,0.0,0.0,0.0,0.0,0.0,0.8268059972739664,0.0,14.793693780899048,14.429845094680786,15.192147970199585,14.912428140640259,14.478247880935669,0,0,0,0,0,0,0,0,0,0,0.24368691444396973,,,0
11,79.52670532220807,79.60213076886815,77.15080375241598,79.98397209258474,80.53552067128648,"[53.17647058823529, 72.47058823529412, 71.29411764705881, 73.6470588235294, 79.52670532220807]","[47.05882352941176, 67.52941176470588, 64.94117647058823, 78.11764705882352, 79.60213076886815]","[44.470588235294116, 62.117647058823536, 68.23529411764706, 73.1764705882353, 77.15080375241598]","[59.76470588235294, 68.70588235294117, 77.64705882352942, 75.29411764705883, 79.98397209258474]","[47.294117647058826, 72.0, 80.23529411764706, 75.76470588235294, 80.53552067128648]",0.0,0.0,0.0,0.0,0.0,0.0,0.0,0.0,0.0,0.0,0.0,0.8447069513857337,0.0,14.48795461654663,14.423887252807617,14.49233365058899,14.837396383285522,14.765769720077515,0,0,0,0,0,0,0,0,0,0,0.28537631034851074,,,0
12,80.81836609626173,82.14773959364541,80.96450289916561,75.90628388252487,77.43364917739122,"[59.76470588235294, 77.88235294117646, 77.64705882352942, 80.0, 80.81836609626173]","[63.52941176470588, 70.58823529411765, 76.47058823529412, 76.0, 82.14773959364541]","[53.88235294117647, 66.11764705882352, 76.70588235294117, 79.29411764705883, 80.96450289916561]","[51.05882352941177, 79.52941176470588, 82.35294117647058, 81.41176470588235, 75.90628388252487]","[48.94117647058824, 68.0, 76.23529411764706, 76.23529411764706, 77.43364917739122]",0.0,0.0,0.0,0.0,0.0,0.0,0.0,0.0,0.0,0.0,0.0,0.8507950931394821,0.0,14.475614070892334,14.533209800720215,14.48422622680664,14.738943576812744,14.47212553024292,0,0,0,0,0,0,0,0,0,0,0.2688877582550049,,,0
13,81.73289963701504,80.6675152029416,80.81836609626173,80.31867251213878,82.42115683778815,"[60.23529411764705, 74.82352941176471, 82.82352941176471, 79.52941176470588, 81.73289963701504]","[50.588235294117645, 58.35294117647059, 77.88235294117646, 81.41176470588235, 80.6675152029416]","[56.705882352941174, 74.82352941176471, 73.6470588235294, 77.41176470588236, 80.81836609626173]","[48.23529411764706, 72.47058823529412, 79.76470588235294, 81.17647058823529, 80.31867251213878]","[33.88235294117647, 81.64705882352942, 81.64705882352942, 80.70588235294117, 82.42115683778815]",0.0,0.0,0.0,0.0,0.0,0.0,0.0,0.0,0.0,0.0,0.0,0.8551567469332122,0.0,14.921448707580566,14.68980097770691,14.566415548324585,14.83345913887024,14.64134931564331,0,0,0,0,0,0,0,0,0,0,0.28862881660461426,,,0
14,83.50068354311036,82.27502003488428,82.11474096073162,83.88252486682694,80.98335926083062,"[38.588235294117645, 79.05882352941175, 81.88235294117648, 83.76470588235294, 83.50068354311036]","[59.529411764705884, 74.3529411764706, 82.82352941176471, 83.05882352941177, 82.27502003488428]","[46.82352941176471, 75.05882352941177, 78.11764705882352, 79.52941176470588, 82.11474096073162]","[58.35294117647059, 80.70588235294117, 79.52941176470588, 81.17647058823529, 83.88252486682694]","[63.05882352941177, 75.05882352941177, 83.76470588235294, 83.76470588235294, 80.98335926083062]",0.0,0.0,0.0,0.0,0.0,0.0,0.0,0.0,0.0,0.0,0.0,0.8710586097228532,0.0,14.644338846206665,14.559953689575195,14.52708125114441,14.406949758529663,14.651183605194092,0,0,0,0,0,0,0,0,0,0,0.26560378074645996,,,0
15,84.77820204591524,84.09937302597463,83.40168764436902,83.7835289680856,84.87719794465659,"[35.529411764705884, 77.41176470588236, 82.11764705882352, 84.0, 84.77820204591524]","[45.1764705882353, 82.11764705882352, 66.3529411764706, 84.70588235294117, 84.09937302597463]","[48.23529411764706, 76.0, 82.82352941176471, 82.58823529411765, 83.40168764436902]","[50.35294117647059, 61.411764705882355, 79.76470588235294, 85.41176470588235, 83.7835289680856]","[54.352941176470594, 66.58823529411765, 81.64705882352942, 83.29411764705881, 84.87719794465659]",0.0,0.0,0.0,0.0,0.0,0.0,0.0,0.0,0.0,0.0,0.0,0.8766015447523853,0.0,14.610048532485962,14.27554702758789,14.818291902542114,14.885287046432495,14.516178846359253,0,0,0,0,0,0,0,0,0,0,0.26194167137145996,,,0
16,83.49125536227785,84.3397916372036,85.16475746004808,85.5230283316834,84.20308301513224,"[60.23529411764705, 83.52941176470588, 81.41176470588235, 81.41176470588235, 83.49125536227785]","[51.76470588235295, 77.41176470588236, 79.76470588235294, 82.82352941176471, 84.3397916372036]","[66.3529411764706, 78.11764705882352, 80.94117647058823, 79.29411764705883, 85.16475746004808]","[50.117647058823536, 80.47058823529412, 84.70588235294117, 86.11764705882354, 85.5230283316834]","[53.17647058823529, 82.11764705882352, 84.47058823529412, 86.58823529411764, 84.20308301513224]",0.0,0.0,0.0,0.0,0.0,0.0,0.0,0.0,0.0,0.0,0.0,0.8824170831440254,0.0,14.59421443939209,14.754795789718628,14.734073877334595,14.959733486175537,14.635607242584229,0,0,0,0,0,0,0,0,0,0,0.2735471725463867,,,0
17,84.35393390845236,85.83415829915619,85.49002969876962,85.33446471503323,85.93786828831377,"[49.1764705882353, 83.76470588235294, 84.23529411764706, 84.0, 84.35393390845236]","[59.529411764705884, 81.64705882352942, 83.29411764705881, 84.94117647058823, 85.83415829915619]","[65.41176470588236, 78.82352941176471, 81.41176470588235, 85.88235294117646, 85.49002969876962]","[53.64705882352941, 77.64705882352942, 82.35294117647058, 83.76470588235294, 85.33446471503323]","[38.35294117647059, 82.11764705882352, 85.6470588235294, 87.05882352941177, 85.93786828831377]",0.0,0.0,0.0,0.0,0.0,0.0,0.0,0.0,0.0,0.0,0.0,0.8865970013630168,0.0,14.568630456924438,14.686944961547852,14.648072719573975,14.41241192817688,14.524221897125244,0,0,0,0,0,0,0,0,0,0,0.27225589752197266,,,0
18,84.7404893225852,86.0887191816339,86.3055673407816,85.98972328289256,86.02272191580634,"[68.0, 81.41176470588235, 85.41176470588235, 83.29411764705881, 84.7404893225852]","[62.35294117647059, 79.76470588235294, 82.58823529411765, 87.52941176470588, 86.0887191816339]","[63.294117647058826, 79.52941176470588, 81.64705882352942, 80.0, 86.3055673407816]","[53.17647058823529, 83.29411764705881, 83.76470588235294, 85.1764705882353, 85.98972328289256]","[62.35294117647059, 86.11764705882354, 86.3529411764706, 88.70588235294117, 86.02272191580634]",0.0,0.0,0.0,0.0,0.0,0.0,0.0,0.0,0.0,0.0,0.0,0.8869604725124943,0.0,14.84503173828125,14.294668436050415,14.441854238510132,14.258982419967651,14.974966287612915,0,0,0,0,0,0,0,0,0,0,0.2756199836730957,,,0
19,85.77758921416113,86.01329373497384,86.32442370244662,86.88068637156461,86.05572054872013,"[65.41176470588236, 82.82352941176471, 85.88235294117646, 85.88235294117646, 85.77758921416113]","[68.94117647058823, 76.0, 86.82352941176471, 82.35294117647058, 86.01329373497384]","[67.05882352941175, 83.29411764705881, 83.05882352941177, 84.47058823529412, 86.32442370244662]","[64.94117647058823, 80.0, 81.41176470588235, 83.29411764705881, 86.88068637156461]","[61.64705882352941, 81.88235294117648, 86.82352941176471, 89.41176470588236, 86.05572054872013]",0.0,0.0,0.0,0.0,0.0,0.0,0.0,0.0,0.0,0.0,0.0,0.8898682417083144,0.0,14.278558254241943,14.534693479537964,14.487154245376587,14.603556632995605,14.265177249908447,0,0,0,0,0,0,0,0,0,0,0.2598116397857666,,,0
20,86.1924291707915,86.81468910573706,86.17357280912647,86.52241549992928,86.10286145288266,"[65.17647058823529, 83.76470588235294, 87.76470588235294, 86.11764705882354, 86.1924291707915]","[50.8235294117647, 81.17647058823529, 84.70588235294117, 85.1764705882353, 86.81468910573706]","[63.294117647058826, 78.11764705882352, 79.76470588235294, 81.88235294117648, 86.17357280912647]","[62.588235294117645, 83.52941176470588, 86.11764705882354, 85.1764705882353, 86.52241549992928]","[68.70588235294117, 83.29411764705881, 86.3529411764706, 87.29411764705883, 86.10286145288266]",0.0,0.0,0.0,0.0,0.0,0.0,0.0,0.0,0.0,0.0,0.0,0.8882326215356656,0.0,14.808002233505249,14.6754150390625,16.213724613189697,14.617888927459717,15.649284362792969,0,0,0,0,0,0,0,0,0,0,0.24110054969787598,,,0
21,86.16885871871023,86.54127186159431,86.79111865365577,85.85301466082119,86.72983547824448,"[56.23529411764706, 75.52941176470588, 85.1764705882353, 87.05882352941177, 86.16885871871023]","[63.76470588235294, 79.52941176470588, 85.6470588235294, 86.58823529411764, 86.54127186159431]","[68.0, 82.82352941176471, 80.70588235294117, 86.11764705882354, 86.79111865365577]","[50.8235294117647, 81.64705882352942, 85.41176470588235, 86.3529411764706, 85.85301466082119]","[60.47058823529412, 85.6470588235294, 86.58823529411764, 87.05882352941177, 86.72983547824448]",0.0,0.0,0.0,0.0,0.0,0.0,0.0,0.0,0.0,0.0,0.0,0.8910495229441163,0.0,14.469274997711182,14.585878372192383,14.608364582061768,14.50138545036316,14.613777875900269,0,0,0,0,0,0,0,0,0,0,0.2734255790710449,,,0
22,86.21599962287276,87.23895724319992,85.62202423042474,87.01268090321972,87.08339225946354,"[69.17647058823529, 84.23529411764706, 86.82352941176471, 87.76470588235294, 86.21599962287276]","[61.64705882352941, 86.58823529411764, 80.70588235294117, 86.58823529411764, 87.23895724319992]","[58.82352941176471, 82.11764705882352, 83.29411764705881, 86.58823529411764, 85.62202423042474]","[50.117647058823536, 79.52941176470588, 86.11764705882354, 87.05882352941177, 87.01268090321972]","[69.6470588235294, 86.11764705882354, 81.64705882352942, 86.58823529411764, 87.08339225946354]",0.0,0.0,0.0,0.0,0.0,0.0,0.0,0.0,0.0,0.0,0.0,0.8935029532030895,0.0,14.795392274856567,14.88149905204773,14.520376682281494,14.456137657165527,14.5219566822052,0,0,0,0,0,0,0,0,0,0,0.27520036697387695,,,0
23,87.22952906236742,86.6449818507519,87.52180266817517,87.54537312025644,87.81407627398293,"[67.52941176470588, 76.94117647058823, 85.88235294117646, 87.05882352941177, 87.22952906236742]","[51.76470588235295, 81.41176470588235, 87.29411764705883, 85.88235294117646, 86.6449818507519]","[64.70588235294117, 81.41176470588235, 84.70588235294117, 86.11764705882354, 87.52180266817517]","[68.23529411764706, 82.82352941176471, 87.76470588235294, 85.88235294117646, 87.54537312025644]","[55.294117647058826, 85.1764705882353, 88.0, 87.76470588235294, 87.81407627398293]",0.0,0.0,0.0,0.0,0.0,0.0,0.0,0.0,0.0,0.0,0.0,0.8954111767378464,0.0,14.319416761398315,14.652859449386597,14.536010026931763,14.59273910522461,14.396031379699707,0,0,0,0,0,0,0,0,0,0,0.22625017166137695,,,0
24,87.29552632819497,87.12581907320983,87.62551265733278,87.50294630651015,87.57365766275397,"[63.76470588235294, 85.41176470588235, 84.70588235294117, 88.23529411764706, 87.29552632819497]","[66.82352941176471, 85.6470588235294, 87.76470588235294, 87.76470588235294, 87.12581907320983]","[66.58823529411765, 83.05882352941177, 88.0, 83.52941176470588, 87.62551265733278]","[53.17647058823529, 83.76470588235294, 85.6470588235294, 86.82352941176471, 87.50294630651015]","[60.47058823529412, 88.47058823529412, 88.23529411764706, 88.47058823529412, 87.57365766275397]",0.0,0.0,0.0,0.0,0.0,0.0,0.0,0.0,0.0,0.0,0.0,0.8936846887778283,0.0,15.126182556152344,14.394224643707275,15.453248739242554,14.51040506362915,14.846354961395264,0,0,0,0,0,0,0,0,0,0,0.2339308261871338,,,0
25,87.20595861028615,87.25781360486494,87.79050582190166,87.77164946023665,87.66793947107907,"[74.11764705882354, 82.35294117647058, 87.29411764705883, 86.11764705882354, 87.20595861028615]","[59.29411764705882, 84.0, 87.76470588235294, 86.3529411764706, 87.25781360486494]","[56.00000000000001, 83.05882352941177, 85.1764705882353, 86.82352941176471, 87.79050582190166]","[65.41176470588236, 84.0, 88.23529411764706, 88.0, 87.77164946023665]","[44.94117647058823, 84.70588235294117, 88.0, 89.41176470588236, 87.66793947107907]",0.0,0.0,0.0,0.0,0.0,0.0,0.0,0.0,0.0,0.0,0.0,0.8978646069968196,0.0,14.586252212524414,14.43282675743103,14.589857339859009,14.159666776657104,14.533141136169434,0,0,0,0,0,0,0,0,0,0,0.27454209327697754,,,0
26,87.5595153915052,87.88950172064301,87.18710224862113,87.42280676943383,88.17234714561826,"[70.58823529411765, 84.47058823529412, 87.29411764705883, 86.58823529411764, 87.5595153915052]","[54.58823529411765, 83.52941176470588, 87.05882352941177, 87.76470588235294, 87.88950172064301]","[73.1764705882353, 80.23529411764706, 84.94117647058823, 86.58823529411764, 87.18710224862113]","[63.05882352941177, 86.3529411764706, 87.52941176470588, 87.76470588235294, 87.42280676943383]","[68.47058823529412, 85.6470588235294, 88.70588235294117, 89.41176470588236, 88.17234714561826]",0.0,0.0,0.0,0.0,0.0,0.0,0.0,0.0,0.0,0.0,0.0,0.8962289868241708,0.0,14.569399118423462,14.319678544998169,14.513883590698242,14.579463481903076,14.572442054748535,0,0,0,0,0,0,0,0,0,0,0.2381114959716797,,,0
27,87.81407627398293,87.89892990147551,88.14877669353697,88.0544948852119,88.4033375760147,"[55.529411764705884, 87.76470588235294, 87.76470588235294, 89.17647058823529, 87.81407627398293]","[53.88235294117647, 79.29411764705883, 87.29411764705883, 87.05882352941177, 87.89892990147551]","[60.94117647058823, 85.88235294117646, 84.23529411764706, 87.05882352941177, 88.14877669353697]","[69.6470588235294, 84.0, 88.0, 88.0, 88.0544948852119]","[65.17647058823529, 87.76470588235294, 88.23529411764706, 91.29411764705883, 88.4033375760147]",0.0,0.0,0.0,0.0,0.0,0.0,0.0,0.0,0.0,0.0,0.0,0.8975011358473421,0.0,14.652835369110107,14.618637561798096,14.51103401184082,14.969196081161499,14.551975011825562,0,0,0,0,0,0,0,0,0,0,0.2710108757019043,,,0
28,86.07457691038513,88.04978079479564,87.7763635506529,87.94607080563806,88.4551925705935,"[63.76470588235294, 85.6470588235294, 87.76470588235294, 87.52941176470588, 86.07457691038513]","[55.05882352941176, 87.05882352941177, 88.94117647058823, 88.70588235294117, 88.04978079479564]","[66.82352941176471, 84.0, 84.23529411764706, 84.70588235294117, 87.7763635506529]","[59.05882352941176, 79.52941176470588, 85.88235294117646, 88.23529411764706, 87.94607080563806]","[61.64705882352941, 84.23529411764706, 88.70588235294117, 89.64705882352942, 88.4551925705935]",0.0,0.0,0.0,0.0,0.0,0.0,0.0,0.0,0.0,0.0,0.0,0.8969559291231258,0.0,14.586627960205078,14.504010438919067,14.748680114746094,14.573728084564209,14.442028284072876,0,0,0,0,0,0,0,0,0,0,0.23317313194274902,,,0
29,88.18177532645076,88.7333239051525,88.07806533729317,87.92721444397303,88.12992033187197,"[60.23529411764705, 85.41176470588235, 86.11764705882354, 87.29411764705883, 88.18177532645076]","[68.94117647058823, 84.0, 87.29411764705883, 88.94117647058823, 88.7333239051525]","[55.529411764705884, 82.82352941176471, 86.3529411764706, 85.88235294117646, 88.07806533729317]","[64.0, 86.3529411764706, 86.3529411764706, 87.76470588235294, 87.92721444397303]","[64.94117647058823, 87.52941176470588, 88.0, 90.3529411764706, 88.12992033187197]",0.0,0.0,0.0,0.0,0.0,0.0,0.0,0.0,0.0,0.0,0.0,0.899863698318946,0.0,14.800447940826416,14.89650011062622,15.844104051589966,14.995924711227417,14.619441986083984,0,0,0,0,0,0,0,0,0,0,0.23256850242614746,,,0
30,88.19120350728326,88.21005986894829,88.16291896478575,88.58718710224862,88.14406260312073,"[64.94117647058823, 86.82352941176471, 86.82352941176471, 88.70588235294117, 88.19120350728326]","[62.588235294117645, 87.52941176470588, 86.58823529411764, 87.52941176470588, 88.21005986894829]","[53.17647058823529, 85.41176470588235, 86.82352941176471, 87.52941176470588, 88.16291896478575]","[70.11764705882354, 85.41176470588235, 86.82352941176471, 88.23529411764706, 88.58718710224862]","[66.3529411764706, 88.0, 88.47058823529412, 89.88235294117646, 88.14406260312073]",0.0,0.0,0.0,0.0,0.0,0.0,0.0,0.0,0.0,0.0,0.0,0.9007723761926397,0.0,14.759939432144165,14.77194619178772,14.72044038772583,14.525675773620605,14.522525310516357,0,0,0,0,0,0,0,0,0,0,0.2726442813873291,,,0
31,87.92250035355677,88.79460708056381,88.4033375760147,88.49290529392354,88.4551925705935,"[69.41176470588235, 85.88235294117646, 87.05882352941177, 86.82352941176471, 87.92250035355677]","[52.0, 86.82352941176471, 88.0, 88.0, 88.79460708056381]","[75.52941176470588, 86.82352941176471, 88.0, 87.29411764705883, 88.4033375760147]","[63.52941176470588, 86.3529411764706, 88.0, 89.17647058823529, 88.49290529392354]","[75.05882352941177, 85.6470588235294, 89.17647058823529, 89.88235294117646, 88.4551925705935]",0.0,0.0,0.0,0.0,0.0,0.0,0.0,0.0,0.0,0.0,0.0,0.902044525215811,0.0,14.221197843551636,14.61187219619751,14.519264459609985,14.484116792678833,14.395670890808105,0,0,0,0,0,0,0,0,0,0,0.2615523338317871,,,0
32,88.35148258143592,88.77103662848253,88.32791212935464,87.94607080563806,88.65789845849244,"[62.82352941176471, 85.1764705882353, 87.76470588235294, 87.76470588235294, 88.35148258143592]","[62.117647058823536, 85.6470588235294, 89.64705882352942, 90.3529411764706, 88.77103662848253]","[61.1764705882353, 85.6470588235294, 85.41176470588235, 87.29411764705883, 88.32791212935464]","[70.58823529411765, 86.3529411764706, 88.94117647058823, 89.41176470588236, 87.94607080563806]","[71.52941176470588, 87.29411764705883, 89.88235294117646, 91.29411764705883, 88.65789845849244]",0.0,0.0,0.0,0.0,0.0,0.0,0.0,0.0,0.0,0.0,0.0,0.9021353930031804,0.0,14.341654300689697,14.651316165924072,14.659815788269043,14.639508485794067,14.400505304336548,0,0,0,0,0,0,0,0,0,0,0.22336769104003906,,,0
33,88.37505303351718,88.47404893225853,88.56361665016735,88.58247301183236,87.73865082732287,"[72.94117647058823, 84.47058823529412, 87.52941176470588, 88.23529411764706, 88.37505303351718]","[56.94117647058824, 86.82352941176471, 89.17647058823529, 88.94117647058823, 88.47404893225853]","[69.41176470588235, 86.11764705882354, 86.11764705882354, 86.82352941176471, 88.56361665016735]","[68.23529411764706, 87.52941176470588, 87.52941176470588, 88.47058823529412, 88.58247301183236]","[69.6470588235294, 86.58823529411764, 90.11764705882352, 89.64705882352942, 87.73865082732287]",0.0,0.0,0.0,0.0,0.0,0.0,0.0,0.0,0.0,0.0,0.0,0.9032258064516129,0.0,14.518317222595215,14.404603004455566,14.72824478149414,14.556435108184814,14.3958158493042,0,0,0,0,0,0,0,0,0,0,0.23005414009094238,,,0
34,88.43162211851224,88.38919530476595,88.09692169895818,88.82760571347758,88.36562485268468,"[53.64705882352941, 85.1764705882353, 88.23529411764706, 88.23529411764706, 88.43162211851224]","[70.58823529411765, 87.05882352941177, 89.17647058823529, 89.64705882352942, 88.38919530476595]","[61.882352941176464, 83.52941176470588, 88.94117647058823, 88.70588235294117, 88.09692169895818]","[70.35294117647058, 78.11764705882352, 87.05882352941177, 88.23529411764706, 88.82760571347758]","[70.11764705882354, 87.29411764705883, 90.3529411764706, 90.58823529411765, 88.36562485268468]",0.0,0.0,0.0,0.0,0.0,0.0,0.0,0.0,0.0,0.0,0.0,0.9041344843253066,0.0,14.394958734512329,14.5475172996521,15.78598666191101,15.793327331542969,14.615155458450317,0,0,0,0,0,0,0,0,0,0,0.2756185531616211,,,0
35,88.47404893225853,88.69089709140621,88.45990666100975,88.52590392683732,88.31848394852213,"[76.23529411764706, 85.6470588235294, 86.82352941176471, 88.0, 88.47404893225853]","[56.470588235294116, 88.0, 89.41176470588236, 89.41176470588236, 88.69089709140621]","[52.94117647058824, 86.11764705882354, 87.52941176470588, 88.0, 88.45990666100975]","[51.76470588235295, 85.6470588235294, 87.76470588235294, 88.47058823529412, 88.52590392683732]","[69.41176470588235, 87.29411764705883, 90.58823529411765, 90.3529411764706, 88.31848394852213]",0.0,0.0,0.0,0.0,0.0,0.0,0.0,0.0,0.0,0.0,0.0,0.9016810540663335,0.0,14.425756931304932,14.512487888336182,14.708074569702148,14.665048360824585,14.742199897766113,0,0,0,0,0,0,0,0,0,0,0.2405235767364502,,,0
36,88.62961391599491,88.6814689105737,88.88888888888889,88.85117616555885,88.86531843680761,"[65.88235294117646, 86.58823529411764, 88.70588235294117, 88.70588235294117, 88.62961391599491]","[57.647058823529406, 87.29411764705883, 88.0, 88.94117647058823, 88.6814689105737]","[64.70588235294117, 88.23529411764706, 88.47058823529412, 88.23529411764706, 88.88888888888889]","[74.3529411764706, 88.70588235294117, 88.94117647058823, 89.41176470588236, 88.85117616555885]","[65.64705882352942, 89.64705882352942, 89.17647058823529, 89.88235294117646, 88.86531843680761]",0.0,0.0,0.0,0.0,0.0,0.0,0.0,0.0,0.0,0.0,0.0,0.9047705588368923,0.0,14.640719413757324,14.347285270690918,14.407461643218994,14.642144203186035,14.351555824279785,0,0,0,0,0,0,0,0,0,0,0.252887487411499,,,0
37,88.93602979305143,88.6107575543299,88.95017206430019,88.85589025597511,89.25187385094047,"[67.76470588235294, 87.29411764705883, 88.23529411764706, 86.82352941176471, 88.93602979305143]","[60.705882352941174, 84.0, 86.58823529411764, 88.0, 88.6107575543299]","[70.58823529411765, 83.05882352941177, 86.11764705882354, 87.29411764705883, 88.95017206430019]","[57.41176470588235, 86.3529411764706, 86.11764705882354, 88.0, 88.85589025597511]","[65.41176470588236, 86.82352941176471, 88.70588235294117, 90.11764705882352, 89.25187385094047]",0.0,0.0,0.0,0.0,0.0,0.0,0.0,0.0,0.0,0.0,0.0,0.904679691049523,0.0,14.424201250076294,14.420225143432617,14.696967840194702,14.51939082145691,14.38966417312622,0,0,0,0,0,0,0,0,0,0,0.2690699100494385,,,0
38,88.64375618724367,88.97374251638146,88.78046480931503,88.88417479847264,88.93602979305143,"[67.52941176470588, 88.0, 89.41176470588236, 90.11764705882352, 88.64375618724367]","[61.1764705882353, 86.3529411764706, 88.47058823529412, 89.41176470588236, 88.97374251638146]","[60.705882352941174, 85.6470588235294, 87.52941176470588, 87.05882352941177, 88.78046480931503]","[67.52941176470588, 85.6470588235294, 88.0, 89.64705882352942, 88.88417479847264]","[71.52941176470588, 88.23529411764706, 88.70588235294117, 89.17647058823529, 88.93602979305143]",0.0,0.0,0.0,0.0,0.0,0.0,0.0,0.0,0.0,0.0,0.0,0.9063153112221718,0.0,14.39431095123291,14.427852392196655,14.125270366668701,14.11732530593872,14.562017917633057,0,0,0,0,0,0,0,0,0,0,0.20853066444396973,,,0
39,89.0633102342903,88.88417479847264,88.65789845849244,88.70032527223873,89.1245934097016,"[76.23529411764706, 87.76470588235294, 89.41176470588236, 89.88235294117646, 89.0633102342903]","[70.35294117647058, 87.05882352941177, 89.88235294117646, 89.41176470588236, 88.88417479847264]","[54.11764705882353, 86.82352941176471, 87.05882352941177, 88.0, 88.65789845849244]","[55.294117647058826, 86.82352941176471, 88.0, 87.52941176470588, 88.70032527223873]","[73.41176470588235, 89.41176470588236, 91.76470588235294, 91.52941176470588, 89.1245934097016]",0.0,0.0,0.0,0.0,0.0,0.0,0.0,0.0,0.0,0.0,0.0,0.9052248977737392,0.0,14.756677627563477,14.598814249038696,14.5779709815979,14.465555191040039,14.787803173065186,0,0,0,0,0,0,0,0,0,0,0.24990105628967285,,,0
40,88.93131570263517,89.11987931928535,89.12930750011785,88.92660161221893,89.22358930844294,"[72.0, 85.41176470588235, 88.70588235294117, 87.76470588235294, 88.93131570263517]","[73.88235294117646, 88.23529411764706, 90.11764705882352, 89.64705882352942, 89.11987931928535]","[63.76470588235294, 85.88235294117646, 87.76470588235294, 87.52941176470588, 89.12930750011785]","[69.41176470588235, 87.29411764705883, 88.0, 88.94117647058823, 88.92660161221893]","[72.47058823529412, 88.23529411764706, 90.8235294117647, 91.05882352941177, 89.22358930844294]",0.0,0.0,0.0,0.0,0.0,0.0,0.0,0.0,0.0,0.0,0.0,0.9048614266242617,0.0,14.375420808792114,14.119280815124512,14.281809091567993,14.483399868011475,14.407610177993774,0,0,0,0,0,0,0,0,0,0,0.21288347244262695,,,0
41,89.23301748927544,89.10102295762033,89.32258520718428,89.21887521802668,89.1245934097016,"[64.47058823529412, 82.58823529411765, 88.94117647058823, 89.64705882352942, 89.23301748927544]","[71.52941176470588, 88.23529411764706, 88.0, 88.47058823529412, 89.10102295762033]","[64.47058823529412, 84.70588235294117, 87.29411764705883, 88.23529411764706, 89.32258520718428]","[62.588235294117645, 87.29411764705883, 89.41176470588236, 89.41176470588236, 89.21887521802668]","[78.3529411764706, 87.52941176470588, 88.0, 89.41176470588236, 89.1245934097016]",0.0,0.0,0.0,0.0,0.0,0.0,0.0,0.0,0.0,0.0,0.0,0.9062244434348024,0.0,14.328593969345093,14.679513454437256,14.489380836486816,14.628432035446167,14.54622745513916,0,0,0,0,0,0,0,0,0,0,0.26365137100219727,,,0
42,89.14816386178288,88.99259887804648,89.34144156884929,89.00674114929524,89.28487248385424,"[72.47058823529412, 86.3529411764706, 88.94117647058823, 89.41176470588236, 89.14816386178288]","[55.76470588235294, 87.05882352941177, 88.47058823529412, 88.47058823529412, 88.99259887804648]","[45.64705882352941, 86.11764705882354, 88.23529411764706, 89.17647058823529, 89.34144156884929]","[59.529411764705884, 86.3529411764706, 89.41176470588236, 90.58823529411765, 89.00674114929524]","[70.11764705882354, 87.29411764705883, 90.11764705882352, 91.05882352941177, 89.28487248385424]",0.0,0.0,0.0,0.0,0.0,0.0,0.0,0.0,0.0,0.0,0.0,0.9072239890958655,0.0,14.346091032028198,14.410752296447754,14.620437383651733,14.443349361419678,14.336310625076294,0,0,0,0,0,0,0,0,0,0,0.2768239974975586,,,0
43,88.82289162306132,89.22830339885918,89.10102295762033,89.10573704803659,89.16230613303163,"[61.411764705882355, 81.17647058823529, 83.76470588235294, 89.41176470588236, 88.82289162306132]","[72.47058823529412, 88.47058823529412, 89.17647058823529, 89.64705882352942, 89.22830339885918]","[71.52941176470588, 86.82352941176471, 88.0, 86.3529411764706, 89.10102295762033]","[63.05882352941177, 85.1764705882353, 87.05882352941177, 87.52941176470588, 89.10573704803659]","[75.29411764705883, 89.17647058823529, 90.11764705882352, 90.58823529411765, 89.16230613303163]",0.0,0.0,0.0,0.0,0.0,0.0,0.0,0.0,0.0,0.0,0.0,0.9054975011358474,0.0,16.45764660835266,14.481683492660522,14.525518894195557,14.913732767105103,14.577481746673584,0,0,0,0,0,0,0,0,0,0,0.27055954933166504,,,0
44,88.8464620751426,89.20473294677792,88.66732663932494,88.88417479847264,89.14344977136662,"[66.3529411764706, 87.05882352941177, 88.23529411764706, 89.64705882352942, 88.8464620751426]","[80.23529411764706, 88.94117647058823, 89.64705882352942, 89.17647058823529, 89.20473294677792]","[73.88235294117646, 86.58823529411764, 87.29411764705883, 88.23529411764706, 88.66732663932494]","[72.23529411764706, 84.47058823529412, 88.23529411764706, 88.47058823529412, 88.88417479847264]","[68.0, 88.70588235294117, 89.41176470588236, 90.8235294117647, 89.14344977136662]",0.0,0.0,0.0,0.0,0.0,0.0,0.0,0.0,0.0,0.0,0.0,0.9048614266242617,0.0,14.485253095626831,14.31100869178772,14.276508808135986,14.323989391326904,14.506489276885986,0,0,0,0,0,0,0,0,0,0,0.25386762619018555,,,0
45,88.83231980389384,89.32258520718428,89.16230613303163,89.38858247301184,89.5158629142507,"[72.47058823529412, 85.6470588235294, 88.0, 89.41176470588236, 88.83231980389384]","[66.82352941176471, 87.52941176470588, 89.88235294117646, 90.11764705882352, 89.32258520718428]","[67.76470588235294, 88.0, 89.64705882352942, 88.70588235294117, 89.16230613303163]","[68.0, 84.0, 87.05882352941177, 87.52941176470588, 89.38858247301184]","[65.41176470588236, 89.17647058823529, 89.88235294117646, 90.58823529411765, 89.5158629142507]",0.0,0.0,0.0,0.0,0.0,0.0,0.0,0.0,0.0,0.0,0.0,0.9072239890958655,0.0,14.703830480575562,14.626435041427612,14.779184341430664,14.408010005950928,14.226763486862183,0,0,0,0,0,0,0,0,0,0,0.23885416984558105,,,0
46,89.3602979305143,89.33201338801679,89.47815019092066,89.61014472257578,89.02088342054401,"[68.0, 85.1764705882353, 88.47058823529412, 89.41176470588236, 89.3602979305143]","[67.05882352941175, 88.23529411764706, 88.94117647058823, 89.17647058823529, 89.33201338801679]","[72.23529411764706, 85.41176470588235, 87.29411764705883, 87.52941176470588, 89.47815019092066]","[71.05882352941177, 86.58823529411764, 89.64705882352942, 89.17647058823529, 89.61014472257578]","[60.0, 89.17647058823529, 90.3529411764706, 91.52941176470588, 89.02088342054401]",0.0,0.0,0.0,0.0,0.0,0.0,0.0,0.0,0.0,0.0,0.0,0.904679691049523,0.0,14.153174638748169,14.19474458694458,14.376012086868286,14.505974292755127,14.637378215789795,0,0,0,0,0,0,0,0,0,0,0.26998209953308105,,,0
47,89.11516522886909,89.04916796304153,89.39329656342808,89.37915429217932,89.1858765851129,"[64.47058823529412, 87.52941176470588, 89.88235294117646, 90.11764705882352, 89.11516522886909]","[80.23529411764706, 88.0, 88.70588235294117, 88.94117647058823, 89.04916796304153]","[64.70588235294117, 84.94117647058823, 86.58823529411764, 87.05882352941177, 89.39329656342808]","[62.588235294117645, 82.58823529411765, 87.76470588235294, 88.47058823529412, 89.37915429217932]","[64.0, 88.0, 89.41176470588236, 90.11764705882352, 89.1858765851129]",0.0,0.0,0.0,0.0,0.0,0.0,0.0,0.0,0.0,0.0,0.0,0.9078600636074512,0.0,14.654301881790161,14.517413854598999,14.600496768951416,14.592981815338135,14.259265422821045,0,0,0,0,0,0,0,0,0,0,0.24812030792236328,,,0
48,89.11516522886909,89.18116249469665,89.35086974968179,89.36972611134681,89.299014755103,"[60.47058823529412, 88.0, 89.41176470588236, 89.88235294117646, 89.11516522886909]","[68.94117647058823, 82.35294117647058, 88.94117647058823, 89.88235294117646, 89.18116249469665]","[50.8235294117647, 85.6470588235294, 89.41176470588236, 89.88235294117646, 89.35086974968179]","[56.94117647058824, 88.70588235294117, 88.94117647058823, 89.88235294117646, 89.36972611134681]","[71.76470588235294, 91.29411764705883, 92.23529411764706, 92.23529411764706, 89.299014755103]",0.0,0.0,0.0,0.0,0.0,0.0,0.0,0.0,0.0,0.0,0.0,0.9079509313948205,0.0,14.638618230819702,14.552314519882202,14.610833168029785,14.424929857254028,14.587794065475464,0,0,0,0,0,0,0,0,0,0,0.22725701332092285,,,0
49,89.10573704803659,89.4121529250931,89.20001885636167,89.32729929760053,88.95017206430019,"[72.70588235294117, 90.11764705882352, 88.94117647058823, 89.17647058823529, 89.10573704803659]","[64.70588235294117, 85.41176470588235, 88.47058823529412, 88.70588235294117, 89.4121529250931]","[63.294117647058826, 86.3529411764706, 86.11764705882354, 88.23529411764706, 89.20001885636167]","[65.64705882352942, 86.58823529411764, 88.23529411764706, 89.88235294117646, 89.32729929760053]","[66.58823529411765, 87.05882352941177, 90.58823529411765, 90.58823529411765, 88.95017206430019]",0.0,0.0,0.0,0.0,0.0,0.0,0.0,0.0,0.0,0.0,0.0,0.907587460245343,0.0,14.516921758651733,14.316636800765991,14.841777801513672,14.503230810165405,14.767851829528809,0,0,0,0,0,0,0,0,0,0,0.24048495292663574,,,0
50,89.0727384151228,89.34144156884929,89.49700655258567,89.4640079196719,89.24715976052421,"[61.882352941176464, 85.1764705882353, 87.52941176470588, 89.17647058823529, 89.0727384151228]","[66.3529411764706, 88.70588235294117, 89.64705882352942, 89.17647058823529, 89.34144156884929]","[70.58823529411765, 85.88235294117646, 88.94117647058823, 89.17647058823529, 89.49700655258567]","[72.94117647058823, 87.05882352941177, 89.88235294117646, 89.41176470588236, 89.4640079196719]","[65.41176470588236, 87.52941176470588, 89.64705882352942, 90.11764705882352, 89.24715976052421]",0.0,0.0,0.0,0.0,0.0,0.0,0.0,0.0,0.0,0.0,0.0,0.9074965924579736,0.0,14.35513687133789,14.46725583076477,14.343594551086426,14.424171209335327,14.27347707748413,0,0,0,0,0,0,0,0,0,0,0.2909979820251465,,,0
51,89.44043746759063,89.40743883467684,89.25187385094047,89.45457973883939,89.3602979305143,"[72.47058823529412, 86.3529411764706, 88.47058823529412, 88.94117647058823, 89.44043746759063]","[51.76470588235295, 85.88235294117646, 89.88235294117646, 90.11764705882352, 89.40743883467684]","[59.05882352941176, 85.6470588235294, 88.23529411764706, 89.64705882352942, 89.25187385094047]","[61.64705882352941, 85.6470588235294, 90.11764705882352, 90.58823529411765, 89.45457973883939]","[63.05882352941177, 89.17647058823529, 90.11764705882352, 90.58823529411765, 89.3602979305143]",0.0,0.0,0.0,0.0,0.0,0.0,0.0,0.0,0.0,0.0,0.0,0.9100408905043162,0.0,14.570131778717041,14.655569791793823,14.496866703033447,14.57039999961853,14.457868814468384,0,0,0,0,0,0,0,0,0,0,0.269359827041626,,,0
52,89.38858247301184,89.4640079196719,89.37915429217932,89.54886154716448,89.27073021260547,"[67.76470588235294, 88.23529411764706, 89.88235294117646, 91.05882352941177, 89.38858247301184]","[69.17647058823529, 87.29411764705883, 89.88235294117646, 89.64705882352942, 89.4640079196719]","[70.58823529411765, 88.0, 88.94117647058823, 89.17647058823529, 89.37915429217932]","[73.88235294117646, 89.41176470588236, 89.64705882352942, 90.3529411764706, 89.54886154716448]","[65.64705882352942, 88.94117647058823, 89.88235294117646, 90.8235294117647, 89.27073021260547]",0.0,0.0,0.0,0.0,0.0,0.0,0.0,0.0,0.0,0.0,0.0,0.9073148568832349,0.0,14.820006608963013,14.627333879470825,15.026983737945557,15.368123531341553,14.577906847000122,0,0,0,0,0,0,0,0,0,0,0.23639988899230957,,,0
53,89.16230613303163,89.24715976052421,89.80813652005845,89.45929382925564,89.24715976052421,"[58.58823529411765, 83.52941176470588, 88.23529411764706, 89.41176470588236, 89.16230613303163]","[72.70588235294117, 87.52941176470588, 89.17647058823529, 89.41176470588236, 89.24715976052421]","[74.3529411764706, 86.11764705882354, 86.3529411764706, 86.82352941176471, 89.80813652005845]","[69.41176470588235, 88.47058823529412, 89.88235294117646, 90.3529411764706, 89.45929382925564]","[73.41176470588235, 88.23529411764706, 90.8235294117647, 91.05882352941177, 89.24715976052421]",0.0,0.0,0.0,0.0,0.0,0.0,0.0,0.0,0.0,0.0,0.0,0.9065879145842799,0.0,14.654759168624878,14.878291130065918,14.60446834564209,14.634445667266846,14.63624620437622,0,0,0,0,0,0,0,0,0,0,0.2729008197784424,,,0
54,89.23301748927544,89.44515155800688,89.57243199924575,89.47343610050441,89.5347192759157,"[64.0, 87.52941176470588, 89.88235294117646, 90.3529411764706, 89.23301748927544]","[53.17647058823529, 88.94117647058823, 89.64705882352942, 88.94117647058823, 89.44515155800688]","[75.76470588235294, 85.88235294117646, 88.47058823529412, 88.23529411764706, 89.57243199924575]","[61.411764705882355, 86.82352941176471, 88.94117647058823, 89.41176470588236, 89.47343610050441]","[66.82352941176471, 90.8235294117647, 91.52941176470588, 91.76470588235294, 89.5347192759157]",0.0,0.0,0.0,0.0,0.0,0.0,0.0,0.0,0.0,0.0,0.0,0.9079509313948205,0.0,14.390748262405396,14.282607793807983,14.605934619903564,14.34302306175232,14.492545127868652,0,0,0,0,0,0,0,0,0,0,0.2743532657623291,,,0
55,89.55828972799699,89.45929382925564,89.299014755103,89.66671380757083,89.63371517465704,"[68.70588235294117, 86.82352941176471, 90.11764705882352, 88.70588235294117, 89.55828972799699]","[50.117647058823536, 87.29411764705883, 88.70588235294117, 89.88235294117646, 89.45929382925564]","[61.64705882352941, 85.6470588235294, 87.52941176470588, 88.70588235294117, 89.299014755103]","[68.23529411764706, 87.05882352941177, 89.17647058823529, 89.41176470588236, 89.66671380757083]","[72.23529411764706, 87.05882352941177, 89.88235294117646, 89.88235294117646, 89.63371517465704]",0.0,0.0,0.0,0.0,0.0,0.0,0.0,0.0,0.0,0.0,0.0,0.9095865515674694,0.0,14.220980644226074,14.441658020019531,14.455003499984741,14.515029907226562,14.468664169311523,0,0,0,0,0,0,0,0,0,0,0.25052714347839355,,,0
56,89.29430066468674,89.59128836091075,89.50172064300193,89.73271107339839,89.31787111676802,"[73.88235294117646, 88.23529411764706, 89.88235294117646, 90.11764705882352, 89.29430066468674]","[77.41176470588236, 85.88235294117646, 88.23529411764706, 88.70588235294117, 89.59128836091075]","[67.05882352941175, 85.1764705882353, 87.29411764705883, 87.29411764705883, 89.50172064300193]","[75.05882352941177, 89.64705882352942, 89.64705882352942, 89.41176470588236, 89.73271107339839]","[70.58823529411765, 88.94117647058823, 89.41176470588236, 89.41176470588236, 89.31787111676802]",0.0,0.0,0.0,0.0,0.0,0.0,0.0,0.0,0.0,0.0,0.0,0.9092230804179918,0.0,14.71877932548523,14.499019384384155,14.463184833526611,14.232111692428589,14.278549194335938,0,0,0,0,0,0,0,0,0,0,0.2338700294494629,,,0
57,89.59600245132702,89.65257153632207,89.79870833922594,89.50172064300193,89.25187385094047,"[77.41176470588236, 88.23529411764706, 90.8235294117647, 91.52941176470588, 89.59600245132702]","[72.70588235294117, 87.05882352941177, 88.94117647058823, 88.94117647058823, 89.65257153632207]","[67.52941176470588, 85.88235294117646, 88.47058823529412, 88.94117647058823, 89.79870833922594]","[76.0, 88.0, 90.3529411764706, 90.58823529411765, 89.50172064300193]","[69.41176470588235, 86.11764705882354, 88.94117647058823, 90.3529411764706, 89.25187385094047]",0.0,0.0,0.0,0.0,0.0,0.0,0.0,0.0,0.0,0.0,0.0,0.909768287142208,0.0,14.139254570007324,14.71965479850769,16.411280870437622,14.310272693634033,14.687905073165894,0,0,0,0,0,0,0,0,0,0,0.24071550369262695,,,0
58,89.39329656342808,89.61014472257578,88.95488615471645,89.44986564842313,89.21416112761042,"[61.64705882352941, 85.41176470588235, 88.70588235294117, 88.94117647058823, 89.39329656342808]","[55.76470588235294, 86.11764705882354, 86.58823529411764, 88.23529411764706, 89.61014472257578]","[55.05882352941176, 84.70588235294117, 87.05882352941177, 88.23529411764706, 88.95488615471645]","[61.882352941176464, 88.23529411764706, 88.47058823529412, 89.17647058823529, 89.44986564842313]","[43.29411764705882, 90.11764705882352, 92.23529411764706, 91.76470588235294, 89.21416112761042]",0.0,0.0,0.0,0.0,0.0,0.0,0.0,0.0,0.0,0.0,0.0,0.9091322126306225,0.0,14.349132776260376,14.649556159973145,14.694235801696777,14.380338430404663,14.40389370918274,0,0,0,0,0,0,0,0,0,0,0.26961493492126465,,,0
59,89.36501202093055,89.65257153632207,89.70914062131712,89.55828972799699,89.27073021260547,"[68.23529411764706, 82.82352941176471, 89.88235294117646, 89.17647058823529, 89.36501202093055]","[70.35294117647058, 86.3529411764706, 87.52941176470588, 88.47058823529412, 89.65257153632207]","[72.0, 87.52941176470588, 88.47058823529412, 88.94117647058823, 89.70914062131712]","[60.94117647058823, 88.0, 89.17647058823529, 89.88235294117646, 89.55828972799699]","[72.23529411764706, 89.64705882352942, 90.8235294117647, 90.3529411764706, 89.27073021260547]",0.0,0.0,0.0,0.0,0.0,0.0,0.0,0.0,0.0,0.0,0.0,0.9074057246706043,0.0,14.49197006225586,14.369378328323364,14.325794458389282,14.880909204483032,14.572315692901611,0,0,0,0,0,0,0,0,0,0,0.24772310256958008,,,0
60,89.38386838259558,89.8034224296422,89.60071654174328,89.67142789798709,89.47815019092066,"[65.88235294117646, 87.05882352941177, 89.17647058823529, 89.64705882352942, 89.38386838259558]","[47.05882352941176, 88.47058823529412, 89.17647058823529, 89.41176470588236, 89.8034224296422]","[60.47058823529412, 86.11764705882354, 88.23529411764706, 88.47058823529412, 89.60071654174328]","[70.82352941176471, 86.58823529411764, 90.58823529411765, 90.58823529411765, 89.67142789798709]","[78.3529411764706, 88.94117647058823, 90.58823529411765, 91.76470588235294, 89.47815019092066]",0.0,0.0,0.0,0.0,0.0,0.0,0.0,0.0,0.0,0.0,0.0,0.9112221717401181,0.0,14.607044458389282,14.454772472381592,14.3433997631073,14.285006523132324,14.395509243011475,0,0,0,0,0,0,0,0,0,0,0.21483445167541504,,,0
61,89.83170697213973,89.27544430302173,89.60071654174328,89.33672747843303,89.38858247301184,"[58.82352941176471, 87.52941176470588, 89.17647058823529, 89.64705882352942, 89.83170697213973]","[60.94117647058823, 87.52941176470588, 89.17647058823529, 89.64705882352942, 89.27544430302173]","[73.41176470588235, 87.05882352941177, 86.82352941176471, 88.0, 89.60071654174328]","[79.29411764705883, 88.70588235294117, 89.64705882352942, 90.3529411764706, 89.33672747843303]","[71.05882352941177, 88.94117647058823, 90.3529411764706, 91.05882352941177, 89.38858247301184]",0.0,0.0,0.0,0.0,0.0,0.0,0.0,0.0,0.0,0.0,0.0,0.9123125851885506,0.0,14.060518503189087,14.355865716934204,15.470544815063477,14.672401428222656,14.689369916915894,0,0,0,0,0,0,0,0,0,0,0.2720911502838135,,,0
62,89.55828972799699,89.40743883467684,89.6290010842408,89.73742516381465,89.66671380757083,"[73.41176470588235, 87.05882352941177, 88.94117647058823, 90.3529411764706, 89.55828972799699]","[74.58823529411764, 88.47058823529412, 88.70588235294117, 88.94117647058823, 89.40743883467684]","[77.88235294117646, 89.17647058823529, 90.3529411764706, 90.11764705882352, 89.6290010842408]","[64.23529411764706, 86.11764705882354, 88.47058823529412, 88.70588235294117, 89.73742516381465]","[69.88235294117648, 88.0, 91.52941176470588, 91.52941176470588, 89.66671380757083]",0.0,0.0,0.0,0.0,0.0,0.0,0.0,0.0,0.0,0.0,0.0,0.9110404361653793,0.0,14.671357154846191,14.423390865325928,14.417324542999268,14.51561689376831,14.617342948913574,0,0,0,0,0,0,0,0,0,0,0.28874850273132324,,,0
63,89.69499835006836,89.8034224296422,89.78456606797718,89.32258520718428,89.42158110592561,"[70.11764705882354, 88.47058823529412, 90.3529411764706, 90.8235294117647, 89.69499835006836]","[67.76470588235294, 86.3529411764706, 88.94117647058823, 88.70588235294117, 89.8034224296422]","[60.705882352941174, 86.11764705882354, 88.23529411764706, 88.47058823529412, 89.78456606797718]","[64.0, 88.0, 88.94117647058823, 88.94117647058823, 89.32258520718428]","[60.23529411764705, 89.64705882352942, 91.05882352941177, 91.29411764705883, 89.42158110592561]",0.0,0.0,0.0,0.0,0.0,0.0,0.0,0.0,0.0,0.0,0.0,0.9117673784643344,0.0,14.36058259010315,14.821080446243286,14.607827186584473,14.369989156723022,14.36495590209961,0,0,0,0,0,0,0,0,0,0,0.2601168155670166,,,0
64,89.61014472257578,89.73742516381465,89.51114882383445,89.64314335548956,89.48286428133692,"[72.47058823529412, 86.82352941176471, 89.41176470588236, 89.17647058823529, 89.61014472257578]","[72.0, 89.17647058823529, 89.17647058823529, 88.94117647058823, 89.73742516381465]","[61.882352941176464, 85.88235294117646, 86.82352941176471, 88.0, 89.51114882383445]","[71.76470588235294, 86.82352941176471, 87.76470588235294, 90.3529411764706, 89.64314335548956]","[71.52941176470588, 88.47058823529412, 92.23529411764706, 91.52941176470588, 89.48286428133692]",0.0,0.0,0.0,0.0,0.0,0.0,0.0,0.0,0.0,0.0,0.0,0.9120399818264425,0.0,14.589356899261475,14.408793926239014,14.489348649978638,14.228080749511719,14.073072671890259,0,0,0,0,0,0,0,0,0,0,0.2493302822113037,,,0
65,89.51114882383445,89.72328289256588,89.71856880214962,89.66199971715457,89.44515155800688,"[63.05882352941177, 86.82352941176471, 88.23529411764706, 88.94117647058823, 89.51114882383445]","[73.6470588235294, 84.94117647058823, 89.17647058823529, 89.17647058823529, 89.72328289256588]","[72.0, 86.3529411764706, 88.23529411764706, 88.94117647058823, 89.71856880214962]","[73.41176470588235, 86.3529411764706, 88.94117647058823, 89.17647058823529, 89.66199971715457]","[72.94117647058823, 89.88235294117646, 89.88235294117646, 90.11764705882352, 89.44515155800688]",0.0,0.0,0.0,0.0,0.0,0.0,0.0,0.0,0.0,0.0,0.0,0.9137664697864607,0.0,14.451230764389038,14.236168146133423,14.376060009002686,14.46301007270813,14.318981409072876,0,0,0,0,0,0,0,0,0,0,0.23004627227783203,,,0
66,89.67142789798709,89.69971244048462,89.75628152547966,89.83642106255598,89.76099561589591,"[68.70588235294117, 88.23529411764706, 90.8235294117647, 90.3529411764706, 89.67142789798709]","[73.41176470588235, 87.76470588235294, 88.70588235294117, 89.17647058823529, 89.69971244048462]","[34.11764705882353, 82.82352941176471, 85.88235294117646, 87.29411764705883, 89.75628152547966]","[67.76470588235294, 88.47058823529412, 89.88235294117646, 90.8235294117647, 89.83642106255598]","[69.17647058823529, 90.3529411764706, 92.47058823529412, 92.0, 89.76099561589591]",0.0,0.0,0.0,0.0,0.0,0.0,0.0,0.0,0.0,0.0,0.0,0.9124034529759201,0.0,15.163814783096313,16.70927667617798,14.81967282295227,15.024175882339478,15.53019642829895,0,0,0,0,0,0,0,0,0,0,0.2577962875366211,,,0
67,89.68557016923585,89.42158110592561,89.61485881299204,89.77042379672841,89.78928015839344,"[60.23529411764705, 85.6470588235294, 88.94117647058823, 89.41176470588236, 89.68557016923585]","[68.70588235294117, 86.82352941176471, 88.94117647058823, 89.41176470588236, 89.42158110592561]","[64.23529411764706, 84.94117647058823, 87.29411764705883, 88.23529411764706, 89.61485881299204]","[73.6470588235294, 89.17647058823529, 88.94117647058823, 89.17647058823529, 89.77042379672841]","[70.35294117647058, 89.41176470588236, 90.8235294117647, 91.29411764705883, 89.78928015839344]",0.0,0.0,0.0,0.0,0.0,0.0,0.0,0.0,0.0,0.0,0.0,0.9112221717401181,0.0,14.480581283569336,14.375301599502563,14.54877781867981,14.576454877853394,14.513992071151733,0,0,0,0,0,0,0,0,0,0,0.2262117862701416,,,0
68,89.65728562673833,89.82227879130721,89.61014472257578,89.81756470089096,89.48286428133692,"[70.82352941176471, 85.41176470588235, 90.58823529411765, 90.58823529411765, 89.65728562673833]","[68.0, 86.3529411764706, 88.23529411764706, 87.52941176470588, 89.82227879130721]","[69.88235294117648, 87.05882352941177, 88.47058823529412, 89.41176470588236, 89.61014472257578]","[71.05882352941177, 86.3529411764706, 88.47058823529412, 88.23529411764706, 89.81756470089096]","[73.41176470588235, 89.41176470588236, 91.05882352941177, 91.52941176470588, 89.48286428133692]",0.0,0.0,0.0,0.0,0.0,0.0,0.0,0.0,0.0,0.0,0.0,0.9127669241253975,0.0,14.785932540893555,14.690141201019287,14.432865619659424,14.281461715698242,14.448736906051636,0,0,0,0,0,0,0,0,0,0,0.2493445873260498,,,0
69,89.62428699382454,89.72328289256588,89.75628152547966,89.82699288172347,89.49700655258567,"[70.58823529411765, 87.52941176470588, 89.17647058823529, 89.64705882352942, 89.62428699382454]","[68.23529411764706, 88.47058823529412, 88.94117647058823, 89.64705882352942, 89.72328289256588]","[76.0, 86.3529411764706, 87.76470588235294, 88.47058823529412, 89.75628152547966]","[70.58823529411765, 89.17647058823529, 90.58823529411765, 90.58823529411765, 89.82699288172347]","[64.94117647058823, 92.0, 90.8235294117647, 90.8235294117647, 89.49700655258567]",0.0,0.0,0.0,0.0,0.0,0.0,0.0,0.0,0.0,0.0,0.0,0.9139482053611995,0.0,14.201178073883057,14.363193035125732,14.66365647315979,14.287523746490479,14.412139415740967,0,0,0,0,0,0,0,0,0,0,0.26982784271240234,,,0
70,89.7939942488097,89.90241832838353,89.81756470089096,89.55828972799699,89.69499835006836,"[73.6470588235294, 83.29411764705881, 89.17647058823529, 90.3529411764706, 89.7939942488097]","[69.17647058823529, 85.1764705882353, 88.70588235294117, 88.70588235294117, 89.90241832838353]","[74.3529411764706, 87.52941176470588, 88.70588235294117, 88.47058823529412, 89.81756470089096]","[71.76470588235294, 88.23529411764706, 89.17647058823529, 89.64705882352942, 89.55828972799699]","[63.294117647058826, 88.23529411764706, 90.58823529411765, 91.76470588235294, 89.69499835006836]",50.0,50.0,50.0,50.0,50.0,50.0,50.0,50.0,50.0,50.0,50.00353581783467,0.9129486597001363,50.0,14.067997694015503,14.502248048782349,14.3294095993042,14.394787311553955,14.346887826919556,0,0,0,0,0,0,0,0,0,0,0.2445237636566162,,,0
71,89.64314335548956,89.94013105171356,89.9259887804648,89.87884787630227,89.88827605713477,"[68.70588235294117, 84.94117647058823, 89.17647058823529, 89.88235294117646, 89.64314335548956]","[64.0, 88.23529411764706, 89.41176470588236, 89.88235294117646, 89.94013105171356]","[78.11764705882352, 87.52941176470588, 88.47058823529412, 88.0, 89.9259887804648]","[73.88235294117646, 90.3529411764706, 90.58823529411765, 90.8235294117647, 89.87884787630227]","[70.82352941176471, 87.29411764705883, 89.88235294117646, 90.8235294117647, 89.88827605713477]",50.0,50.0,50.0,50.0,50.0,50.0,50.0,50.0,50.0,50.0,50.00353581783467,0.9159472966833258,50.0,14.005058288574219,14.327653646469116,14.185023784637451,14.425185203552246,14.07227897644043,0,0,0,0,0,0,0,0,0,0,0.22972702980041504,,,0
72,89.66199971715457,90.05798331211993,89.4640079196719,89.85999151463724,89.79870833922594,"[76.47058823529412, 85.88235294117646, 88.0, 88.94117647058823, 89.66199971715457]","[56.23529411764706, 87.52941176470588, 88.23529411764706, 89.41176470588236, 90.05798331211993]","[43.529411764705884, 85.88235294117646, 89.17647058823529, 88.47058823529412, 89.4640079196719]","[42.8235294117647, 84.23529411764706, 88.23529411764706, 88.0, 89.85999151463724]","[84.94117647058823, 90.8235294117647, 91.05882352941177, 92.0, 89.79870833922594]",50.0,50.0,50.0,50.0,50.0,50.0,50.0,50.0,50.0,50.0,50.00353581783467,0.9154020899591095,50.0,14.32105827331543,14.3407564163208,14.4637770652771,14.578030824661255,14.490365505218506,0,0,0,0,0,0,0,0,0,0,0.22408771514892578,,,0
73,89.6290010842408,89.70442653090086,89.80813652005845,89.71385471173338,89.39801065384434,"[66.82352941176471, 87.76470588235294, 89.41176470588236, 89.64705882352942, 89.6290010842408]","[79.52941176470588, 88.94117647058823, 88.70588235294117, 89.41176470588236, 89.70442653090086]","[69.88235294117648, 86.58823529411764, 87.52941176470588, 88.0, 89.80813652005845]","[68.23529411764706, 85.88235294117646, 88.47058823529412, 89.17647058823529, 89.71385471173338]","[73.41176470588235, 88.70588235294117, 90.3529411764706, 90.8235294117647, 89.39801065384434]",50.0,50.0,50.0,50.0,50.0,50.0,50.0,50.0,50.0,50.0,50.00353581783467,0.9127669241253975,50.0,14.410771369934082,14.321331262588501,14.700567483901978,14.834067821502686,14.782690286636353,0,0,0,0,0,0,0,0,0,0,0.23130536079406738,,,0
74,89.43572337717437,89.87413378588602,89.49229246216942,89.8128506104747,89.87884787630227,"[49.1764705882353, 87.29411764705883, 90.58823529411765, 90.8235294117647, 89.43572337717437]","[65.64705882352942, 85.88235294117646, 88.0, 89.17647058823529, 89.87413378588602]","[72.94117647058823, 85.6470588235294, 89.17647058823529, 89.17647058823529, 89.49229246216942]","[63.76470588235294, 86.3529411764706, 89.41176470588236, 89.17647058823529, 89.8128506104747]","[49.64705882352941, 88.23529411764706, 90.58823529411765, 91.05882352941177, 89.87884787630227]",50.0,50.0,50.0,50.0,50.0,50.0,50.0,50.0,50.0,50.0,50.00353581783467,0.915765561108587,50.0,14.369996786117554,14.351615190505981,14.403588056564331,14.336357593536377,14.381755113601685,0,0,0,0,0,0,0,0,0,0,0.26415586471557617,,,0
75,89.47815019092066,89.90713241879979,89.71385471173338,89.54886154716448,89.73742516381465,"[67.29411764705883, 87.52941176470588, 88.94117647058823, 90.3529411764706, 89.47815019092066]","[72.94117647058823, 87.76470588235294, 88.23529411764706, 88.47058823529412, 89.90713241879979]","[64.94117647058823, 87.05882352941177, 88.94117647058823, 89.64705882352942, 89.71385471173338]","[79.52941176470588, 86.82352941176471, 88.23529411764706, 88.47058823529412, 89.54886154716448]","[68.70588235294117, 89.41176470588236, 91.29411764705883, 92.0, 89.73742516381465]",50.0,50.0,50.0,50.0,50.0,50.0,50.0,50.0,50.0,50.0,50.00353581783467,0.9154020899591095,50.0,14.22154450416565,14.331466913223267,14.311115264892578,14.525227785110474,14.477784156799316,0,0,0,0,0,0,0,0,0,0,0.27039480209350586,,,0
76,89.77042379672841,90.0296987696224,89.73742516381465,89.50172064300193,89.77513788714468,"[66.11764705882352, 88.23529411764706, 88.70588235294117, 88.47058823529412, 89.77042379672841]","[74.82352941176471, 88.70588235294117, 89.17647058823529, 89.64705882352942, 90.0296987696224]","[64.94117647058823, 85.6470588235294, 87.76470588235294, 88.47058823529412, 89.73742516381465]","[68.70588235294117, 89.41176470588236, 90.58823529411765, 90.8235294117647, 89.50172064300193]","[77.64705882352942, 89.88235294117646, 91.76470588235294, 92.0, 89.77513788714468]",50.0,50.0,50.0,50.0,50.0,50.0,50.0,50.0,50.0,50.0,50.00353581783467,0.9142208087233076,50.0,14.44820761680603,14.321875095367432,14.530020475387573,14.680898904800415,14.537670135498047,0,0,0,0,0,0,0,0,0,0,0.2341458797454834,,,0
77,89.65728562673833,90.07212558336869,89.84113515297223,89.6290010842408,89.82699288172347,"[73.1764705882353, 88.0, 89.41176470588236, 90.3529411764706, 89.65728562673833]","[57.41176470588235, 88.47058823529412, 90.3529411764706, 90.11764705882352, 90.07212558336869]","[72.0, 84.94117647058823, 86.3529411764706, 86.82352941176471, 89.84113515297223]","[75.52941176470588, 89.17647058823529, 89.17647058823529, 89.64705882352942, 89.6290010842408]","[58.58823529411765, 88.47058823529412, 91.05882352941177, 92.0, 89.82699288172347]",50.0,50.0,50.0,50.0,50.0,50.0,50.0,50.0,50.0,50.0,50.00353581783467,0.9142208087233076,50.0,14.587821960449219,14.708394527435303,14.51786470413208,14.320613861083984,14.323010921478271,0,0,0,0,0,0,0,0,0,0,0.2342677116394043,,,0
78,89.9259887804648,89.77513788714468,89.67614198840333,89.90713241879979,89.85056333380474,"[61.882352941176464, 86.3529411764706, 88.94117647058823, 88.70588235294117, 89.9259887804648]","[65.41176470588236, 87.29411764705883, 88.0, 88.94117647058823, 89.77513788714468]","[66.82352941176471, 85.88235294117646, 87.52941176470588, 88.70588235294117, 89.67614198840333]","[66.82352941176471, 87.52941176470588, 89.41176470588236, 91.05882352941177, 89.90713241879979]","[60.0, 91.05882352941177, 91.76470588235294, 91.76470588235294, 89.85056333380474]",50.0,50.0,50.0,50.0,50.0,50.0,50.0,50.0,50.0,50.0,50.00353581783467,0.9142208087233076,50.0,14.574706077575684,14.639402866363525,14.315004110336304,14.417952537536621,14.398779153823853,0,0,0,0,0,0,0,0,0,0,0.2727625370025635,,,0
79,89.77042379672841,89.72799698298213,89.72328289256588,89.74685334464715,89.60071654174328,"[80.47058823529412, 88.70588235294117, 90.58823529411765, 91.05882352941177, 89.77042379672841]","[79.05882352941175, 87.76470588235294, 89.17647058823529, 88.94117647058823, 89.72799698298213]","[55.76470588235294, 87.05882352941177, 87.52941176470588, 88.70588235294117, 89.72328289256588]","[72.47058823529412, 88.94117647058823, 89.41176470588236, 89.17647058823529, 89.74685334464715]","[83.05882352941177, 90.11764705882352, 91.05882352941177, 91.05882352941177, 89.60071654174328]",50.0,50.0,50.0,50.0,50.0,50.0,50.0,50.0,50.0,50.0,50.00353581783467,0.9140390731485688,50.0,14.347999095916748,14.483898639678955,14.508261919021606,15.506703615188599,14.535039901733398,0,0,0,0,0,0,0,0,0,0,0.2665064334869385,,,0
