,client_accuracy_3,client_accuracy_1,client_accuracy_2,client_accuracy_0,client_accuracy_4,client_loss_3,client_loss_1,client_loss_2,client_loss_0,client_loss_4,client_accuracy_per_epoch3,client_accuracy_per_epoch1,client_accuracy_per_epoch2,client_accuracy_per_epoch0,client_accuracy_per_epoch4,client_loss_per_epoch3,client_loss_per_epoch1,client_loss_per_epoch2,client_loss_per_epoch0,client_loss_per_epoch4,client_attack_3,client_attack_1,client_attack_2,client_attack_0,client_attack_4,client_auc_3,client_auc_1,client_auc_2,client_auc_0,client_auc_4,server_attack,server_accuracy,server_auc,client_layer_leakage_3,client_layer_leakage_1,client_layer_leakage_2,client_layer_leakage_0,client_layer_leakage_4,server_layer_leakage,client_round_duration_3,client_round_duration_1,client_round_duration_2,client_round_duration_0,client_round_duration_4,client_transformation_time_0,client_transformation_time_1,client_transformation_time_2,client_transformation_time_3,client_transformation_time_4,client_transformation_time_5,client_transformation_time_6,client_transformation_time_7,client_transformation_time_8,client_transformation_time_9,server_aggregation_duration,server_model_parameters_memory_usage,server_data_parameters_memory_usage,server_transformation_time
0,4.487814076273983,5.60033941450997,4.167255927968698,4.652807240842879,5.05821901664074,3.4988508939743044,3.4958441615104676,3.5019389986991882,3.4993026494979858,3.5050374269485474,"[2.823529411764706, 3.294117647058824, 4.0, 3.294117647058824, 4.487814076273983]","[4.235294117647059, 4.470588235294118, 7.294117647058823, 6.8235294117647065, 5.60033941450997]","[2.588235294117647, 2.3529411764705883, 2.3529411764705883, 2.823529411764706, 4.167255927968698]","[5.647058823529412, 4.941176470588235, 4.941176470588235, 5.176470588235294, 4.652807240842879]","[5.647058823529412, 5.647058823529412, 5.647058823529412, 5.88235294117647, 5.05821901664074]","[3.5464543104171753, 3.498538613319397, 3.48831307888031, 3.4804153442382812, 3.4805331230163574]","[3.542697787284851, 3.4944649934768677, 3.485991656780243, 3.481841027736664, 3.474225342273712]","[3.551058292388916, 3.497748553752899, 3.493939995765686, 3.482778549194336, 3.484169602394104]","[3.545816481113434, 3.4910022020339966, 3.49080890417099, 3.482536792755127, 3.486348867416382]","[3.5463303327560425, 3.5052250027656555, 3.4979164600372314, 3.4887421131134033, 3.486973226070404]",0.0,0.0,0.0,0.0,0.0,0.0,0.0,0.0,0.0,0.0,0.0,0.07142208087233076,0.0,{},{},{},{},{},{},24.36812400817871,23.922117471694946,24.17944359779358,24.429161310195923,24.341737747192383,0,0,0,0,0,0,0,0,0,0,0.2230086326599121,,,0
1,5.218498090793382,7.735822373073116,4.582095884599067,7.193701975203884,6.4158770565219445,3.4749258399009704,3.4689745903015137,3.473671185970306,3.472085881233215,3.481111669540405,"[2.823529411764706, 3.294117647058824, 3.294117647058824, 3.5294117647058822, 5.218498090793382]","[5.176470588235294, 8.941176470588236, 8.470588235294118, 8.0, 7.735822373073116]","[4.470588235294118, 3.7647058823529407, 5.411764705882352, 2.3529411764705883, 4.582095884599067]","[6.11764705882353, 6.8235294117647065, 6.588235294117648, 8.470588235294118, 7.193701975203884]","[7.294117647058823, 7.294117647058823, 6.588235294117648, 8.235294117647058, 6.4158770565219445]","[3.4904439449310303, 3.476319193840027, 3.4757888317108154, 3.46699196100235, 3.46508526802063]","[3.480777323246002, 3.4731302857398987, 3.470960855484009, 3.460321366786957, 3.459683120250702]","[3.489707827568054, 3.4752604365348816, 3.4768646359443665, 3.4644935727119446, 3.462029457092285]","[3.489257276058197, 3.475052237510681, 3.4684194326400757, 3.4654091596603394, 3.4622913002967834]","[3.4964280128479004, 3.483585476875305, 3.4805933833122253, 3.47407066822052, 3.4708808064460754]",0.0,0.0,0.0,0.0,0.0,0.0,0.0,0.0,0.0,0.0,0.0,0.09804634257155838,0.0,{},{},{},{},{},{},24.34266185760498,24.626672983169556,24.56551694869995,24.18983221054077,24.507466316223145,0,0,0,0,0,0,0,0,0,0,0.27303266525268555,,,0
2,7.62739829349927,9.527176731249705,7.801819638900674,8.579644557582615,6.783576108989771,3.450455641746521,3.446887159347534,3.4482463955879212,3.4450845599174498,3.4551568984985352,"[4.235294117647059, 5.411764705882352, 5.647058823529412, 4.235294117647059, 7.62739829349927]","[8.235294117647058, 10.117647058823529, 9.88235294117647, 9.88235294117647, 9.527176731249705]","[7.0588235294117645, 8.941176470588236, 6.588235294117648, 8.0, 7.801819638900674]","[12.0, 11.294117647058824, 9.647058823529411, 10.352941176470589, 8.579644557582615]","[5.88235294117647, 9.647058823529411, 8.705882352941176, 9.411764705882353, 6.783576108989771]","[3.4661329984664917, 3.4529165625572205, 3.4517040252685547, 3.44159597158432, 3.439928650856018]","[3.4626094698905945, 3.453020215034485, 3.445728600025177, 3.4381487369537354, 3.434928774833679]","[3.472665548324585, 3.4562294483184814, 3.443033516407013, 3.4392133951187134, 3.430090069770813]","[3.4665359258651733, 3.4501736760139465, 3.442337691783905, 3.4312185645103455, 3.4351569414138794]","[3.4721639156341553, 3.4596380591392517, 3.45548015832901, 3.445834219455719, 3.44266813993454]",0.0,0.0,0.0,0.0,0.0,0.0,0.0,0.0,0.0,0.0,0.0,0.1320308950477056,0.0,{},{},{},{},{},{},24.314821481704712,24.498738288879395,24.38324236869812,24.561259508132935,24.340442180633545,0,0,0,0,0,0,0,0,0,0,0.3722381591796875,,,0
3,11.516522886908971,11.41281289775138,9.53189082166596,11.610804695234055,10.865978409465892,3.4154866456985475,3.413989043235779,3.4156997919082643,3.414560627937317,3.424437427520752,"[7.764705882352942, 7.764705882352942, 11.058823529411764, 11.294117647058824, 11.516522886908971]","[8.0, 10.823529411764705, 11.294117647058824, 12.23529411764706, 11.41281289775138]","[9.176470588235293, 10.588235294117647, 8.470588235294118, 10.588235294117647, 9.53189082166596]","[9.647058823529411, 12.705882352941176, 12.705882352941176, 10.823529411764705, 11.610804695234055]","[12.705882352941176, 10.352941176470589, 10.352941176470589, 10.588235294117647, 10.865978409465892]","[3.437842845916748, 3.4243016242980957, 3.410334885120392, 3.406706392765045, 3.398247480392456]","[3.4365793466567993, 3.421624779701233, 3.410984218120575, 3.40555739402771, 3.395199477672577]","[3.4434409737586975, 3.425218880176544, 3.4066197872161865, 3.405747413635254, 3.3974719047546387]","[3.4431877732276917, 3.4236701130867004, 3.406589686870575, 3.405627429485321, 3.3937281370162964]","[3.4455618858337402, 3.4326860308647156, 3.422646701335907, 3.4129183292388916, 3.4083741903305054]",0.0,0.0,0.0,0.0,0.0,0.0,0.0,0.0,0.0,0.0,0.0,0.1493866424352567,0.0,{},{},{},{},{},{},24.832814931869507,24.544095754623413,24.827738046646118,24.645516395568848,24.474262475967407,0,0,0,0,0,0,0,0,0,0,0.23941278457641602,,,0
4,11.88893602979305,11.393956536086362,11.917220572290576,9.739310799981144,12.553622778484891,3.3700069069862364,3.3715718269348143,3.3653955817222596,3.3739693999290465,3.3830697774887084,"[11.294117647058824, 11.529411764705882, 13.176470588235295, 12.941176470588237, 11.88893602979305]","[10.823529411764705, 14.117647058823529, 11.529411764705882, 12.470588235294118, 11.393956536086362]","[10.117647058823529, 12.0, 11.76470588235294, 12.470588235294118, 11.917220572290576]","[12.23529411764706, 13.176470588235295, 11.294117647058824, 14.823529411764705, 9.739310799981144]","[10.588235294117647, 12.470588235294118, 11.294117647058824, 12.0, 12.553622778484891]","[3.397597014904022, 3.3798256516456604, 3.3650888800621033, 3.3589905500411987, 3.3485324382781982]","[3.4041911959648132, 3.3861657977104187, 3.3695799708366394, 3.3509092330932617, 3.347012937068939]","[3.3969308733940125, 3.374198019504547, 3.358750820159912, 3.353691577911377, 3.343406617641449]","[3.415574550628662, 3.388483226299286, 3.3642619252204895, 3.3588358759880066, 3.342691421508789]","[3.4218811988830566, 3.390243172645569, 3.3728519082069397, 3.372341752052307, 3.35803085565567]",0.0,0.0,0.0,0.0,0.0,0.0,0.0,0.0,0.0,0.0,0.0,0.15620172648796002,0.0,{},{},{},{},{},{},24.356371879577637,24.1272132396698,24.447396516799927,24.145779848098755,24.696861505508423,0,0,0,0,0,0,0,0,0,0,0.270244836807251,,,0
5,15.674350634045162,14.646678923301748,13.095743176354121,14.674963465799273,15.169942959505963,3.33253173828125,3.326630675792694,3.3507390141487123,3.319503104686737,3.345640218257904,"[9.411764705882353, 11.76470588235294, 12.470588235294118, 14.352941176470587, 15.674350634045162]","[12.705882352941176, 13.647058823529413, 15.058823529411763, 14.823529411764705, 14.646678923301748]","[7.0588235294117645, 15.529411764705884, 14.352941176470587, 14.352941176470587, 13.095743176354121]","[12.705882352941176, 13.882352941176471, 13.647058823529413, 16.0, 14.674963465799273]","[10.117647058823529, 12.470588235294118, 13.411764705882353, 14.352941176470587, 15.169942959505963]","[3.359861433506012, 3.3797958493232727, 3.3184158205986023, 3.302231013774872, 3.302354574203491]","[3.360816240310669, 3.3727916479110718, 3.3062002062797546, 3.3057634830474854, 3.2875818014144897]","[3.4299535155296326, 3.374199688434601, 3.331079602241516, 3.3216112852096558, 3.2968509793281555]","[3.3470301032066345, 3.327469766139984, 3.3374693393707275, 3.3010878562927246, 3.2844584584236145]","[3.4174978733062744, 3.3568344116210938, 3.336832284927368, 3.3173113465309143, 3.2997251749038696]",0.0,0.0,0.0,0.0,0.0,0.0,0.0,0.0,0.0,0.0,0.0,0.16774193548387098,0.0,{},{},{},{},{},{},24.634084224700928,24.595876932144165,24.602340698242188,25.587937593460083,24.686206340789795,0,0,0,0,0,0,0,0,0,0,0.2710244655609131,,,0
6,16.343751473153254,16.400320558148305,15.287795219912317,15.386791118653656,16.532315089803422,3.2886589884757997,3.291890597343445,3.313328802585602,3.3038779497146606,3.315550458431244,"[13.411764705882353, 12.941176470588237, 17.41176470588235, 15.764705882352942, 16.343751473153254]","[10.588235294117647, 14.117647058823529, 14.823529411764705, 15.764705882352942, 16.400320558148305]","[9.411764705882353, 18.11764705882353, 17.647058823529413, 17.41176470588235, 15.287795219912317]","[9.647058823529411, 18.352941176470587, 14.117647058823529, 15.058823529411763, 15.386791118653656]","[11.529411764705882, 14.352941176470587, 16.705882352941178, 16.705882352941178, 16.532315089803422]","[3.2954155802726746, 3.3321813344955444, 3.3041171431541443, 3.261911988258362, 3.2496688961982727]","[3.316292881965637, 3.345020294189453, 3.289203643798828, 3.267269194126129, 3.2416669726371765]","[3.444701910018921, 3.336764931678772, 3.275799572467804, 3.2572428584098816, 3.2521347403526306]","[3.417838394641876, 3.31693035364151, 3.278689682483673, 3.2581140398979187, 3.247817277908325]","[3.4286689162254333, 3.31673663854599, 3.2908445596694946, 3.275933027267456, 3.2655691504478455]",0.0,0.0,0.0,0.0,0.0,0.0,0.0,0.0,0.0,0.0,0.0,0.18727850976828714,0.0,{},{},{},{},{},{},24.624287366867065,24.51958990097046,24.568413496017456,24.438246726989746,24.054998874664307,0,0,0,0,0,0,0,0,0,0,0.278048038482666,,,0
7,18.432093527553857,17.592985433460615,17.258285013906566,16.782161881864894,17.87111676801961,3.30202659368515,3.320264220237732,3.2733245134353637,3.3336548686027525,3.27767299413681,"[4.470588235294118, 16.0, 16.470588235294116, 17.647058823529413, 18.432093527553857]","[5.176470588235294, 19.058823529411764, 19.294117647058822, 20.235294117647058, 17.592985433460615]","[9.88235294117647, 12.941176470588237, 21.176470588235293, 17.88235294117647, 17.258285013906566]","[10.588235294117647, 14.823529411764705, 16.235294117647058, 16.235294117647058, 16.782161881864894]","[14.823529411764705, 16.470588235294116, 19.294117647058822, 20.705882352941178, 17.87111676801961]","[3.423154890537262, 3.3694695830345154, 3.273845851421356, 3.230297863483429, 3.2133647799491882]","[3.45360004901886, 3.3807108998298645, 3.281860649585724, 3.2538192868232727, 3.2313302159309387]","[3.3911189436912537, 3.2797489166259766, 3.287523031234741, 3.204240918159485, 3.2039907574653625]","[3.442399799823761, 3.4134166836738586, 3.302335262298584, 3.2656745314598083, 3.2444480657577515]","[3.387664020061493, 3.3023393154144287, 3.2694504857063293, 3.226278305053711, 3.2026328444480896]",0.0,0.0,0.0,0.0,0.0,0.0,0.0,0.0,0.0,0.0,0.0,0.2036347114947751,0.0,{},{},{},{},{},{},24.52673578262329,24.516605138778687,24.549930810928345,24.515867710113525,24.606046676635742,0,0,0,0,0,0,0,0,0,0,0.27753210067749023,,,0
8,18.135105831329845,16.904728232687503,15.396219299486164,14.98609343327205,18.861075755432992,3.2851726055145263,3.2511704206466674,3.282215678691864,3.2887963175773622,3.3026749968528746,"[9.176470588235293, 12.23529411764706, 13.176470588235295, 16.0, 18.135105831329845]","[12.0, 16.941176470588236, 20.705882352941178, 19.52941176470588, 16.904728232687503]","[8.470588235294118, 9.647058823529411, 18.11764705882353, 18.352941176470587, 15.396219299486164]","[11.058823529411764, 9.88235294117647, 18.11764705882353, 13.176470588235295, 14.98609343327205]","[9.647058823529411, 15.529411764705884, 13.411764705882353, 18.823529411764707, 18.861075755432992]","[3.363295555114746, 3.3683820366859436, 3.2714155316352844, 3.232848107814789, 3.189921796321869]","[3.329954504966736, 3.3468952775001526, 3.226451873779297, 3.1830204129219055, 3.1695300340652466]","[3.378239393234253, 3.327793836593628, 3.3161938786506653, 3.2036219239234924, 3.1852293610572815]","[3.3695194721221924, 3.3141615986824036, 3.334054470062256, 3.216738283634186, 3.2095077633857727]","[3.3869360089302063, 3.3868409991264343, 3.294392228126526, 3.2488402128219604, 3.196365535259247]",0.0,0.0,0.0,0.0,0.0,0.0,0.0,0.0,0.0,0.0,0.0,0.19654702407996366,0.0,{},{},{},{},{},{},24.586291790008545,24.887563943862915,24.62996745109558,24.442614793777466,24.78563094139099,0,0,0,0,0,0,0,0,0,0,0.2411789894104004,,,0
9,16.73502097770235,19.41262433413473,18.41323716588884,18.57823033045774,16.80101824352991,3.367979681491852,3.224341428279877,3.337691032886505,3.335623526573181,3.3686726093292236,"[3.7647058823529407, 7.529411764705881, 10.823529411764705, 12.23529411764706, 16.73502097770235]","[9.176470588235293, 17.647058823529413, 16.941176470588236, 19.058823529411764, 19.41262433413473]","[9.176470588235293, 13.882352941176471, 17.176470588235293, 20.0, 18.41323716588884]","[7.764705882352942, 11.058823529411764, 14.352941176470587, 21.41176470588235, 18.57823033045774]","[7.0588235294117645, 8.941176470588236, 15.294117647058824, 14.823529411764705, 16.80101824352991]","[3.42510986328125, 3.454238712787628, 3.3713208436965942, 3.3135865330696106, 3.275642454624176]","[3.4446389079093933, 3.2563605904579163, 3.161288559436798, 3.139801859855652, 3.119617223739624]","[3.4701486825942993, 3.4256722927093506, 3.3324673175811768, 3.256545066833496, 3.203621804714203]","[3.4498817324638367, 3.422289550304413, 3.327235758304596, 3.261475443840027, 3.2172351479530334]","[3.4800695180892944, 3.438302457332611, 3.3565940260887146, 3.305362284183502, 3.263034760951996]",0.0,0.0,0.0,0.0,0.0,0.0,0.0,0.0,0.0,0.0,0.0,0.22144479781917312,0.0,{},{},{},{},{},{},24.688178300857544,24.79382348060608,24.64936590194702,24.556428909301758,24.822953939437866,0,0,0,0,0,0,0,0,0,0,0.21977734565734863,,,0
10,19.766181115353792,20.31772969405553,19.308914344977136,19.39376797246971,20.06788290199406,3.211594784259796,3.209420895576477,3.2126283645629883,3.2054703712463377,3.207416570186615,"[11.294117647058824, 16.235294117647058, 15.294117647058824, 17.88235294117647, 19.766181115353792]","[10.117647058823529, 18.352941176470587, 17.41176470588235, 18.823529411764707, 20.31772969405553]","[8.705882352941176, 19.76470588235294, 21.64705882352941, 23.764705882352942, 19.308914344977136]","[11.294117647058824, 23.294117647058822, 21.41176470588235, 19.76470588235294, 19.39376797246971]","[16.705882352941178, 20.47058823529412, 20.235294117647058, 21.64705882352941, 20.06788290199406]","[3.3470887541770935, 3.341897964477539, 3.156486392021179, 3.1174005270004272, 3.0951002836227417]","[3.379798173904419, 3.30029433965683, 3.1626328229904175, 3.1237507462501526, 3.0806283950805664]","[3.392843782901764, 3.2895065546035767, 3.192194104194641, 3.1072916388511658, 3.081305742263794]","[3.349651873111725, 3.3104989528656006, 3.1586661338806152, 3.11780846118927, 3.0907264351844788]","[3.3280869126319885, 3.322067618370056, 3.158858895301819, 3.1251737475395203, 3.102895677089691]",0.0,0.0,0.0,0.0,0.0,0.0,0.0,0.0,0.0,0.0,0.0,0.22526124488868696,0.0,{},{},{},{},{},{},24.67487359046936,24.760563850402832,24.1886727809906,24.93127465248108,24.77060556411743,0,0,0,0,0,0,0,0,0,0,0.27775049209594727,,,0
11,19.97360109366898,17.192287748079007,16.570027813133457,20.11030971574035,19.93117427992269,3.1057915329933166,3.2639934182167054,3.2537214398384093,3.146329343318939,3.136377763748169,"[9.88235294117647, 18.352941176470587, 15.764705882352942, 16.0, 19.97360109366898]","[7.0588235294117645, 12.941176470588237, 14.117647058823529, 16.705882352941178, 17.192287748079007]","[7.529411764705881, 10.588235294117647, 15.294117647058824, 17.41176470588235, 16.570027813133457]","[11.529411764705882, 20.235294117647058, 22.35294117647059, 20.941176470588236, 20.11030971574035]","[15.764705882352942, 22.823529411764707, 23.058823529411764, 22.11764705882353, 19.93117427992269]","[3.1279801726341248, 3.2508423924446106, 3.06304931640625, 3.05594003200531, 3.031145751476288]","[3.36877179145813, 3.3372148275375366, 3.265172004699707, 3.192319929599762, 3.156488537788391]","[3.3892348408699036, 3.3439252376556396, 3.2450915575027466, 3.1614198684692383, 3.128935694694519]","[3.2660886645317078, 3.294605851173401, 3.082708418369293, 3.0539047718048096, 3.0343390107154846]","[3.249072313308716, 3.2565701007843018, 3.0842499136924744, 3.0542982816696167, 3.037698209285736]",0.0,0.0,0.0,0.0,0.0,0.0,0.0,0.0,0.0,0.0,0.0,0.2140845070422535,0.0,{},{},{},{},{},{},24.744966745376587,24.612595319747925,24.1291446685791,24.165353298187256,24.21709156036377,0,0,0,0,0,0,0,0,0,0,0.22740936279296875,,,0
12,22.575779003441284,21.986517701409515,21.68010182435299,21.71310045726677,22.528638099278744,3.114332365989685,3.1310527443885805,3.1168360710144043,3.131788432598114,3.131906294822693,"[16.470588235294116, 21.88235294117647, 22.823529411764707, 21.176470588235293, 22.575779003441284]","[12.0, 21.64705882352941, 24.47058823529412, 24.705882352941178, 21.986517701409515]","[14.117647058823529, 20.235294117647058, 20.705882352941178, 23.058823529411764, 21.68010182435299]","[12.705882352941176, 25.176470588235293, 21.176470588235293, 20.235294117647058, 21.71310045726677]","[16.470588235294116, 21.41176470588235, 23.294117647058822, 24.47058823529412, 22.528638099278744]","[3.303986430168152, 3.245358407497406, 3.04612535238266, 3.0078864097595215, 2.968305230140686]","[3.345679819583893, 3.2482404708862305, 3.059850037097931, 3.015320658683777, 2.9861727356910706]","[3.329465687274933, 3.0901060700416565, 3.1272701025009155, 3.0380494594573975, 2.999289035797119]","[3.287387490272522, 3.2957435250282288, 3.053584575653076, 3.0235668420791626, 2.9986597299575806]","[3.2889492511749268, 3.2621607780456543, 3.0711110830307007, 3.027615249156952, 3.0096951127052307]",0.0,0.0,0.0,0.0,0.0,0.0,0.0,0.0,0.0,0.0,0.0,0.23898228078146297,0.0,{},{},{},{},{},{},24.951451063156128,24.859012603759766,26.541828632354736,24.707012176513672,24.731037616729736,0,0,0,0,0,0,0,0,0,0,0.26867222785949707,,,0
13,22.613491726771322,21.962947249328245,22.302361759298545,22.505067647197475,24.235138829962757,3.083560419082642,3.0621891379356385,3.0993725776672365,3.044629716873169,3.022452163696289,"[9.88235294117647, 14.823529411764705, 19.52941176470588, 22.11764705882353, 22.613491726771322]","[12.941176470588237, 23.058823529411764, 20.705882352941178, 21.64705882352941, 21.962947249328245]","[9.88235294117647, 22.35294117647059, 23.294117647058822, 26.588235294117645, 22.302361759298545]","[20.0, 24.0, 26.588235294117645, 24.941176470588236, 22.505067647197475]","[23.058823529411764, 20.235294117647058, 23.058823529411764, 23.52941176470588, 24.235138829962757]","[3.2932522296905518, 3.2030625343322754, 3.0490867495536804, 2.956574857234955, 2.9158257246017456]","[3.2534955739974976, 3.225988507270813, 2.9762263894081116, 2.9372182488441467, 2.9180169701576233]","[3.2140614986419678, 3.3732751607894897, 3.0078442096710205, 2.954191505908966, 2.9474905133247375]","[3.2352924942970276, 3.1155994534492493, 2.996625602245331, 2.949859917163849, 2.925771117210388]","[3.149811267852783, 2.980984926223755, 3.0989593863487244, 2.959377408027649, 2.923127830028534]",0.0,0.0,0.0,0.0,0.0,0.0,0.0,0.0,0.0,0.0,0.0,0.2504316219900045,0.0,{},{},{},{},{},{},24.733876943588257,24.115052700042725,24.8448703289032,24.601308822631836,24.808677434921265,0,0,0,0,0,0,0,0,0,0,0.2272953987121582,,,0
14,24.230424739546503,24.173855654551453,23.51859708669212,23.6034507141847,24.40484608494791,2.9840606808662415,2.977837061882019,2.973383891582489,3.0102749109268188,3.000498628616333,"[15.529411764705884, 20.47058823529412, 20.0, 22.11764705882353, 24.230424739546503]","[17.88235294117647, 24.235294117647058, 20.47058823529412, 21.41176470588235, 24.173855654551453]","[18.58823529411765, 23.52941176470588, 25.41176470588235, 27.058823529411764, 23.51859708669212]","[12.705882352941176, 24.705882352941178, 26.35294117647059, 24.235294117647058, 23.6034507141847]","[16.235294117647058, 24.47058823529412, 21.88235294117647, 26.35294117647059, 24.40484608494791]","[3.1009615063667297, 3.1712393164634705, 2.9248510599136353, 2.8721224665641785, 2.8511290550231934]","[3.1446480751037598, 3.0708606839179993, 2.931325078010559, 2.8910076022148132, 2.851343870162964]","[3.1974658966064453, 3.029253900051117, 2.936879336833954, 2.86262184381485, 2.840698480606079]","[3.182141661643982, 3.1705339550971985, 2.9185498356819153, 2.880733907222748, 2.8994151949882507]","[3.1279322504997253, 3.1858027577400208, 2.925280749797821, 2.8981195092201233, 2.8653578758239746]",0.0,0.0,0.0,0.0,0.0,0.0,0.0,0.0,0.0,0.0,0.0,0.2612448886869605,0.0,{},{},{},{},{},{},24.37999939918518,24.82801842689514,24.747274160385132,24.925143480300903,24.529348373413086,0,0,0,0,0,0,0,0,0,0,0.2736189365386963,,,0
15,25.83321548107293,25.15910055154858,26.13963135812945,25.248668269457408,26.80431810682129,3.078966736793518,2.9806385040283203,3.0924399733543395,3.0227828860282897,3.0605162262916563,"[3.7647058823529407, 18.11764705882353, 24.0, 24.47058823529412, 25.83321548107293]","[10.588235294117647, 25.41176470588235, 27.058823529411764, 26.35294117647059, 25.15910055154858]","[4.0, 16.941176470588236, 23.52941176470588, 27.764705882352942, 26.13963135812945]","[15.529411764705884, 15.764705882352942, 25.647058823529413, 26.588235294117645, 25.248668269457408]","[10.823529411764705, 15.058823529411763, 26.35294117647059, 27.294117647058826, 26.80431810682129]","[3.2932615280151367, 3.344930350780487, 3.0160140991210938, 2.8962637782096863, 2.8443639278411865]","[3.1708388328552246, 3.1987082958221436, 2.8945274353027344, 2.8493141531944275, 2.7898038029670715]","[3.313207745552063, 3.2643622756004333, 3.0692628622055054, 2.941581130027771, 2.8737858533859253]","[3.1693984270095825, 3.1852290630340576, 3.0340318083763123, 2.896760106086731, 2.8284950256347656]","[3.209426164627075, 3.3195618987083435, 3.0413673520088196, 2.8774698972702026, 2.8547558188438416]",0.0,0.0,0.0,0.0,0.0,0.0,0.0,0.0,0.0,0.0,0.0,0.275329395729214,0.0,{},{},{},{},{},{},24.598201274871826,24.296929597854614,24.27485203742981,24.393761157989502,24.52806067466736,0,0,0,0,0,0,0,0,0,0,0.27057576179504395,,,0
16,26.271625889784566,27.25687078678169,27.040022627634,27.01645217555273,26.224484985622027,2.9720248341560365,2.9438742995262146,2.8946257829666138,2.9286405086517333,2.8967472434043886,"[12.470588235294118, 15.058823529411763, 24.47058823529412, 24.47058823529412, 26.271625889784566]","[11.058823529411764, 25.41176470588235, 27.058823529411764, 24.705882352941178, 27.25687078678169]","[24.705882352941178, 28.47058823529412, 29.176470588235293, 30.352941176470587, 27.040022627634]","[15.764705882352942, 28.000000000000004, 27.058823529411764, 28.235294117647058, 27.01645217555273]","[28.47058823529412, 30.117647058823525, 29.64705882352941, 28.705882352941174, 26.224484985622027]","[3.2293139696121216, 3.1179869771003723, 2.955407679080963, 2.791150152683258, 2.766265392303467]","[3.2369827032089233, 3.117549479007721, 2.8213390707969666, 2.7747212052345276, 2.7687790393829346]","[3.0626693964004517, 3.04934823513031, 2.8261728286743164, 2.777997672557831, 2.75694078207016]","[3.155595600605011, 3.0833502411842346, 2.83719938993454, 2.7995725870132446, 2.767484724521637]","[3.1184826493263245, 3.0059927105903625, 2.8216786980628967, 2.7681249380111694, 2.769457221031189]",0.0,0.0,0.0,0.0,0.0,0.0,0.0,0.0,0.0,0.0,0.0,0.2820536119945479,0.0,{},{},{},{},{},{},24.11217975616455,24.200059413909912,24.05780291557312,24.400880098342896,24.144140005111694,0,0,0,0,0,0,0,0,0,0,0.2702517509460449,,,0
17,28.124263423372458,27.76599255173714,29.82605006364022,29.78362324989393,29.27450148493848,2.9604766726493836,2.828734612464905,2.9713818311691282,2.9706666350364683,2.981441867351532,"[9.88235294117647, 18.58823529411765, 25.41176470588235, 27.294117647058826, 28.124263423372458]","[18.58823529411765, 24.941176470588236, 25.41176470588235, 30.352941176470587, 27.76599255173714]","[3.058823529411765, 32.23529411764706, 31.294117647058822, 29.411764705882355, 29.82605006364022]","[16.941176470588236, 24.705882352941178, 31.529411764705884, 32.23529411764706, 29.78362324989393]","[13.882352941176471, 20.941176470588236, 30.117647058823525, 31.529411764705884, 29.27450148493848]","[3.290884792804718, 3.1662347316741943, 2.868482530117035, 2.7561914324760437, 2.7205898761749268]","[2.9321375489234924, 3.018643081188202, 2.774366319179535, 2.7110729217529297, 2.707453191280365]","[3.2944249510765076, 3.2714808583259583, 2.8109013438224792, 2.748158633708954, 2.731943368911743]","[3.196245014667511, 3.1624577045440674, 2.972130000591278, 2.7811481952667236, 2.7413522601127625]","[3.3124117255210876, 3.1514912247657776, 2.9312591552734375, 2.774880588054657, 2.7371666431427]",0.0,0.0,0.0,0.0,0.0,0.0,0.0,0.0,0.0,0.0,0.0,0.3060427078600636,0.0,{},{},{},{},{},{},24.188368558883667,24.70106315612793,24.649075269699097,24.521678924560547,24.363210439682007,0,0,0,0,0,0,0,0,0,0,0.2626655101776123,,,0
18,29.26507330410597,29.920331871965306,30.50959317399708,30.15132230236176,30.55673407815962,2.8232022643089296,2.833362066745758,2.774960660934448,2.8182806730270387,2.8063136100769044,"[17.41176470588235, 25.882352941176475, 26.35294117647059, 28.47058823529412, 29.26507330410597]","[10.117647058823529, 24.235294117647058, 29.411764705882355, 31.058823529411768, 29.920331871965306]","[23.764705882352942, 28.941176470588236, 33.88235294117647, 33.1764705882353, 30.50959317399708]","[15.294117647058824, 31.529411764705884, 30.823529411764707, 32.470588235294116, 30.15132230236176]","[26.35294117647059, 31.058823529411768, 30.823529411764707, 32.0, 30.55673407815962]","[3.0273276567459106, 3.021977126598358, 2.7200450897216797, 2.684439539909363, 2.662221908569336]","[3.082923114299774, 3.0267258882522583, 2.7254608869552612, 2.6744900345802307, 2.657210409641266]","[2.91161972284317, 2.961448550224304, 2.7126327753067017, 2.6489235162734985, 2.6401787400245667]","[3.0579293966293335, 2.9742974638938904, 2.730545699596405, 2.6694496870040894, 2.6591811180114746]","[2.996702492237091, 2.9755231738090515, 2.71575391292572, 2.6876201033592224, 2.6559683680534363]",0.0,0.0,0.0,0.0,0.0,0.0,0.0,0.0,0.0,0.0,0.0,0.3129486597001363,0.0,{},{},{},{},{},{},24.745094776153564,24.610888481140137,24.425638675689697,25.718783617019653,24.18373203277588,0,0,0,0,0,0,0,0,0,0,0.27025389671325684,,,0
19,30.783010418139824,31.193136284353933,30.820723141469852,30.886720407297414,31.183708103521425,2.78447482585907,2.795859169960022,2.769229519367218,2.740621197223663,2.865804159641266,"[11.294117647058824, 28.941176470588236, 29.411764705882355, 30.352941176470587, 30.783010418139824]","[11.76470588235294, 28.000000000000004, 31.058823529411768, 29.64705882352941, 31.193136284353933]","[17.176470588235293, 26.588235294117645, 33.1764705882353, 33.64705882352941, 30.820723141469852]","[23.058823529411764, 28.47058823529412, 29.88235294117647, 31.294117647058822, 30.886720407297414]","[17.176470588235293, 30.117647058823525, 32.23529411764706, 36.470588235294116, 31.183708103521425]","[2.96769255399704, 3.007581651210785, 2.70272034406662, 2.641669511795044, 2.6027100682258606]","[3.098196804523468, 2.9968711733818054, 2.6767975091934204, 2.6056981682777405, 2.6017321944236755]","[2.915795087814331, 3.051949143409729, 2.672613263130188, 2.617697298526764, 2.588092803955078]","[2.82756507396698, 2.9656206369400024, 2.688395380973816, 2.6317816972732544, 2.589743196964264]","[3.178023397922516, 2.9710978269577026, 2.8447043895721436, 2.689904510974884, 2.6452906727790833]",0.0,0.0,0.0,0.0,0.0,0.0,0.0,0.0,0.0,0.0,0.0,0.32494320763289414,0.0,{},{},{},{},{},{},24.62146782875061,24.7672917842865,24.88563299179077,24.55148220062256,24.505438804626465,0,0,0,0,0,0,0,0,0,0,0.2676537036895752,,,0
20,31.21199264601895,32.621505680478954,32.27266298967614,33.17305425918069,32.71107339838778,2.734702503681183,2.8048650145530702,2.7309340715408323,2.7404931664466856,2.7387352705001833,"[23.294117647058822, 27.058823529411764, 28.705882352941174, 30.58823529411765, 31.21199264601895]","[17.41176470588235, 26.588235294117645, 30.117647058823525, 29.176470588235293, 32.621505680478954]","[16.470588235294116, 29.88235294117647, 36.0, 36.0, 32.27266298967614]","[22.823529411764707, 28.941176470588236, 32.470588235294116, 33.1764705882353, 33.17305425918069]","[24.235294117647058, 29.88235294117647, 32.23529411764706, 32.470588235294116, 32.71107339838778]","[3.086192548274994, 2.8113350868225098, 2.6665515303611755, 2.5679507851600647, 2.5414825677871704]","[3.15024334192276, 3.0690970420837402, 2.671221971511841, 2.5811190009117126, 2.5526437163352966]","[2.894968330860138, 3.0306830406188965, 2.6165120005607605, 2.5534656643867493, 2.5590413212776184]","[2.946643888950348, 2.9062613248825073, 2.7041178941726685, 2.576671004295349, 2.568771719932556]","[3.0576159358024597, 2.8619709610939026, 2.6309624910354614, 2.5867246985435486, 2.556402266025543]",0.0,0.0,0.0,0.0,0.0,0.0,0.0,0.0,0.0,0.0,0.0,0.3393003180372558,0.0,{},{},{},{},{},{},24.52880311012268,24.494402647018433,24.70679807662964,24.9507737159729,24.93808150291443,0,0,0,0,0,0,0,0,0,0,0.2699904441833496,,,0
21,32.12652618677227,32.94677791920049,33.51246876915099,33.94145099703012,32.33394616508745,2.715960383415222,2.6640498995780946,2.6550527453422545,2.758024978637695,2.7402713775634764,"[19.294117647058822, 24.705882352941178, 31.529411764705884, 33.1764705882353, 32.12652618677227]","[22.58823529411765, 32.23529411764706, 31.529411764705884, 34.35294117647059, 32.94677791920049]","[24.0, 36.23529411764706, 36.470588235294116, 35.05882352941177, 33.51246876915099]","[16.235294117647058, 32.94117647058823, 32.70588235294118, 33.1764705882353, 33.94145099703012]","[23.52941176470588, 32.70588235294118, 32.94117647058823, 35.76470588235294, 32.33394616508745]","[2.970245897769928, 2.859027147293091, 2.694704830646515, 2.5331820249557495, 2.5226420164108276]","[2.9196248054504395, 2.884254038333893, 2.5338310599327087, 2.5000252723693848, 2.4825143218040466]","[2.899072289466858, 2.83776992559433, 2.5425673127174377, 2.5053640604019165, 2.490490138530731]","[3.0392481088638306, 3.0246300101280212, 2.617894947528839, 2.5681010484695435, 2.540250778198242]","[2.9965187311172485, 3.0006825923919678, 2.630639970302582, 2.5629470348358154, 2.5105685591697693]",0.0,0.0,0.0,0.0,0.0,0.0,0.0,0.0,0.0,0.0,0.0,0.3449341208541572,0.0,{},{},{},{},{},{},24.459243059158325,24.61611294746399,24.988028049468994,24.694697380065918,24.23918318748474,0,0,0,0,0,0,0,0,0,0,0.27141308784484863,,,0
22,33.83302691745628,34.67684910196577,33.8000282845425,35.28496676566257,34.06401734785273,2.5850886583328245,2.584181535243988,2.6031887769699096,2.607874608039856,2.666951298713684,"[29.88235294117647, 32.23529411764706, 35.05882352941177, 33.64705882352941, 33.83302691745628]","[25.647058823529413, 28.235294117647058, 31.294117647058822, 33.411764705882355, 34.67684910196577]","[27.294117647058826, 38.35294117647059, 38.35294117647059, 37.88235294117647, 33.8000282845425]","[23.058823529411764, 32.94117647058823, 32.470588235294116, 34.8235294117647, 35.28496676566257]","[18.823529411764707, 33.64705882352941, 35.76470588235294, 34.8235294117647, 34.06401734785273]","[2.8364182710647583, 2.6953941583633423, 2.4990413188934326, 2.4527912735939026, 2.4417982697486877]","[2.7176650762557983, 2.7280462980270386, 2.564716339111328, 2.4707051515579224, 2.439774811267853]","[2.90285325050354, 2.7209925651550293, 2.4777267575263977, 2.467146575450897, 2.447224736213684]","[2.8003499507904053, 2.737644672393799, 2.514028012752533, 2.5130547881126404, 2.4742956161499023]","[2.9130027294158936, 2.957982301712036, 2.5122265219688416, 2.4734808206558228, 2.4780641198158264]",0.0,0.0,0.0,0.0,0.0,0.0,0.0,0.0,0.0,0.0,0.0,0.3574738755111313,0.0,{},{},{},{},{},{},24.530906200408936,24.329429149627686,24.84883427619934,24.71922492980957,24.17442512512207,0,0,0,0,0,0,0,0,0,0,0.2697029113769531,,,0
23,34.054589167020225,35.18125677650497,35.36510630273889,36.00622259934946,35.20011313816999,2.557451331615448,2.6569501161575317,2.5687015652656555,2.6522264003753664,2.569797384738922,"[27.058823529411764, 32.470588235294116, 36.470588235294116, 36.23529411764706, 34.054589167020225]","[15.764705882352942, 31.058823529411768, 34.588235294117645, 34.11764705882353, 35.18125677650497]","[31.294117647058822, 38.588235294117645, 38.82352941176471, 37.411764705882355, 35.36510630273889]","[16.470588235294116, 38.35294117647059, 36.0, 36.470588235294116, 36.00622259934946]","[30.823529411764707, 35.529411764705884, 36.94117647058823, 36.23529411764706, 35.20011313816999]","[2.8142308592796326, 2.6959758400917053, 2.4614601135253906, 2.4250890612602234, 2.390500783920288]","[3.0208580493927, 2.90945041179657, 2.4962717294692993, 2.4414933919906616, 2.4166769981384277]","[2.8217719197273254, 2.79623544216156, 2.4373112320899963, 2.3916487097740173, 2.3965405225753784]","[3.0172948837280273, 2.9119542241096497, 2.480522632598877, 2.425178647041321, 2.4261816143989563]","[2.9860348105430603, 2.573078155517578, 2.476852059364319, 2.423057436943054, 2.389964461326599]",0.0,0.0,0.0,0.0,0.0,0.0,0.0,0.0,0.0,0.0,0.0,0.3619263970922308,0.0,{},{},{},{},{},{},24.66698718070984,24.502525806427002,24.554367542266846,24.503869771957397,24.479533195495605,0,0,0,0,0,0,0,0,0,0,0.2712881565093994,,,0
24,35.51595719605902,35.105831329844904,36.369207561401026,36.60962617262999,35.784660349785504,2.5108341336250306,2.4854095458984373,2.4917622804641724,2.588632357120514,2.499145472049713,"[23.764705882352942, 29.411764705882355, 33.88235294117647, 36.0, 35.51595719605902]","[29.411764705882355, 32.70588235294118, 36.23529411764706, 34.11764705882353, 35.105831329844904]","[25.647058823529413, 36.23529411764706, 39.294117647058826, 40.705882352941174, 36.369207561401026]","[17.41176470588235, 37.64705882352941, 35.294117647058826, 37.88235294117647, 36.60962617262999]","[22.11764705882353, 37.88235294117647, 38.588235294117645, 39.05882352941176, 35.784660349785504]","[2.6872357726097107, 2.734313666820526, 2.4361185431480408, 2.3472434282302856, 2.3492592573165894]","[2.797841966152191, 2.526209056377411, 2.4005215764045715, 2.37669438123703, 2.325780749320984]","[2.643141746520996, 2.717421531677246, 2.401006817817688, 2.3561407923698425, 2.341100513935089]","[2.9971169233322144, 2.752203643321991, 2.431021809577942, 2.4024962186813354, 2.360323190689087]","[2.7781182527542114, 2.6097370386123657, 2.3915446400642395, 2.3755231499671936, 2.3408042788505554]",0.0,0.0,0.0,0.0,0.0,0.0,0.0,0.0,0.0,0.0,0.0,0.37383007723761924,0.0,{},{},{},{},{},{},24.610321760177612,24.110804319381714,24.071192741394043,24.8521671295166,24.12337064743042,0,0,0,0,0,0,0,0,0,0,0.2761659622192383,,,0
25,35.52538537689153,36.99618158676283,37.246028378824306,36.96789704426531,37.02918021967661,2.4646583557128907,2.454627847671509,2.433472192287445,2.490353727340698,2.467984509468079,"[29.64705882352941, 32.23529411764706, 37.1764705882353, 37.88235294117647, 35.52538537689153]","[28.000000000000004, 33.88235294117647, 36.705882352941174, 34.588235294117645, 36.99618158676283]","[32.0, 36.705882352941174, 38.35294117647059, 39.294117647058826, 37.246028378824306]","[28.705882352941174, 35.76470588235294, 38.11764705882353, 38.35294117647059, 36.96789704426531]","[29.64705882352941, 34.35294117647059, 37.1764705882353, 39.05882352941176, 37.02918021967661]","[2.695552706718445, 2.6344061493873596, 2.3644203543663025, 2.3252958059310913, 2.303616762161255]","[2.748301327228546, 2.5613441467285156, 2.356820583343506, 2.2992621660232544, 2.307411015033722]","[2.585705876350403, 2.588342845439911, 2.3910244703292847, 2.2984797954559326, 2.3038079738616943]","[2.8544135689735413, 2.625979006290436, 2.3493854999542236, 2.3247623443603516, 2.297228217124939]","[2.683993339538574, 2.6695833802223206, 2.3448433876037598, 2.327901005744934, 2.3136014342308044]",0.0,0.0,0.0,0.0,0.0,0.0,0.0,0.0,0.0,0.0,0.0,0.3798273512039982,0.0,{},{},{},{},{},{},26.763845443725586,24.641902446746826,25.42482352256775,24.267668962478638,24.611785888671875,0,0,0,0,0,0,0,0,0,0,0.22817277908325195,,,0
26,37.538301984632064,38.18413237165889,38.63668505161929,38.46697779663414,37.321453825484376,2.4149169087409974,2.4569514989852905,2.4069321870803835,2.4459866166114805,2.4420076966285706,"[30.117647058823525, 34.8235294117647, 36.705882352941174, 38.35294117647059, 37.538301984632064]","[25.176470588235293, 29.411764705882355, 34.8235294117647, 35.05882352941177, 38.18413237165889]","[35.294117647058826, 40.705882352941174, 42.58823529411765, 41.647058823529406, 38.63668505161929]","[24.0, 39.05882352941176, 38.588235294117645, 39.294117647058826, 38.46697779663414]","[21.41176470588235, 37.88235294117647, 37.88235294117647, 40.470588235294116, 37.321453825484376]","[2.6536698937416077, 2.5205248594284058, 2.38074392080307, 2.26829069852829, 2.2513551712036133]","[2.7084261178970337, 2.653017580509186, 2.406521797180176, 2.268384873867035, 2.2484071254730225]","[2.6484241485595703, 2.576627552509308, 2.3099536895751953, 2.2550541758537292, 2.2446013689041138]","[2.684848666191101, 2.6597769260406494, 2.3322558403015137, 2.2863133549690247, 2.2667382955551147]","[2.734701931476593, 2.59113210439682, 2.350407838821411, 2.273422658443451, 2.2603739500045776]",0.0,0.0,0.0,0.0,0.0,0.0,0.0,0.0,0.0,0.0,0.0,0.39173103134938664,0.0,{},{},{},{},{},{},24.253044605255127,24.271533250808716,24.396644592285156,24.57901430130005,24.19671320915222,0,0,0,0,0,0,0,0,0,0,0.27169013023376465,,,0
27,38.26898599915146,38.136991467496344,37.924857398764914,38.6461132324518,38.16527600999387,2.436291217803955,2.4099557638168334,2.4067891240119934,2.418150842189789,2.388288605213165,"[22.58823529411765, 31.76470588235294, 34.35294117647059, 36.94117647058823, 38.26898599915146]","[32.70588235294118, 34.8235294117647, 37.411764705882355, 36.94117647058823, 38.136991467496344]","[27.764705882352942, 38.588235294117645, 39.52941176470588, 40.23529411764706, 37.924857398764914]","[29.64705882352941, 39.52941176470588, 39.52941176470588, 38.35294117647059, 38.6461132324518]","[32.0, 38.588235294117645, 42.35294117647059, 40.94117647058824, 38.16527600999387]","[2.6554420590400696, 2.716262459754944, 2.339606821537018, 2.2428773641586304, 2.2272673845291138]","[2.7008819580078125, 2.6413739919662476, 2.266948401927948, 2.2346110343933105, 2.205963432788849]","[2.693768262863159, 2.5881406664848328, 2.2776206135749817, 2.239077925682068, 2.2353381514549255]","[2.7293034195899963, 2.6096063256263733, 2.2611021399497986, 2.258643090724945, 2.232099235057831]","[2.6790823340415955, 2.5377447605133057, 2.291446805000305, 2.2379783391952515, 2.1951907873153687]",0.0,0.0,0.0,0.0,0.0,0.0,0.0,0.0,0.0,0.0,0.0,0.39572921399363925,0.0,{},{},{},{},{},{},24.21941900253296,24.16167378425598,24.750676155090332,24.17400050163269,24.159387350082397,0,0,0,0,0,0,0,0,0,0,0.27020740509033203,,,0
28,38.8205345778532,39.58893131570264,39.961344458586716,39.57950313487012,39.32022816197615,2.358663189411163,2.34469131231308,2.341198408603668,2.39701726436615,2.427835464477539,"[31.294117647058822, 37.88235294117647, 38.82352941176471, 41.17647058823529, 38.8205345778532]","[24.941176470588236, 34.8235294117647, 36.470588235294116, 37.411764705882355, 39.58893131570264]","[27.52941176470588, 39.76470588235294, 38.82352941176471, 44.0, 39.961344458586716]","[24.0, 37.88235294117647, 39.05882352941176, 40.470588235294116, 39.57950313487012]","[20.705882352941178, 41.647058823529406, 43.05882352941177, 43.29411764705882, 39.32022816197615]","[2.6747745871543884, 2.508210599422455, 2.2184576392173767, 2.2014277577400208, 2.190445363521576]","[2.588757336139679, 2.5593149662017822, 2.224480450153351, 2.1863760948181152, 2.164527714252472]","[2.589697480201721, 2.515307307243347, 2.2371461391448975, 2.1886062026023865, 2.1752349138259888]","[2.729606032371521, 2.6385251879692078, 2.238028585910797, 2.196647346019745, 2.1822791695594788]","[2.9056396484375, 2.6031192541122437, 2.2507235407829285, 2.206908345222473, 2.17278653383255]",0.0,0.0,0.0,0.0,0.0,0.0,0.0,0.0,0.0,0.0,0.0,0.407451158564289,0.0,{},{},{},{},{},{},24.83488893508911,24.705267429351807,24.447668075561523,24.274871826171875,24.3294939994812,0,0,0,0,0,0,0,0,0,0,0.27484679222106934,,,0
29,39.07509546033093,40.06976853816056,40.56474803186725,40.079196718993074,40.6731721114411,2.4059202075004578,2.269321525096893,2.376699757575989,2.269534468650818,2.3271466374397276,"[30.352941176470587, 35.76470588235294, 38.35294117647059, 39.76470588235294, 39.07509546033093]","[26.11764705882353, 36.470588235294116, 40.23529411764706, 40.23529411764706, 40.06976853816056]","[25.41176470588235, 42.58823529411765, 43.29411764705882, 42.35294117647059, 40.56474803186725]","[38.35294117647059, 39.05882352941176, 42.11764705882353, 41.647058823529406, 40.079196718993074]","[26.588235294117645, 42.58823529411765, 43.05882352941177, 46.11764705882353, 40.6731721114411]","[2.798983633518219, 2.614802062511444, 2.2875587940216064, 2.1717991828918457, 2.1564573645591736]","[2.4135928750038147, 2.5011333227157593, 2.183738946914673, 2.1241241097450256, 2.124018371105194]","[2.671103835105896, 2.698687493801117, 2.2200957536697388, 2.155722141265869, 2.137889564037323]","[2.543996751308441, 2.2876768112182617, 2.234039843082428, 2.1473876237869263, 2.1345713138580322]","[2.671001672744751, 2.416189670562744, 2.2406599521636963, 2.170822322368622, 2.1370595693588257]",0.0,0.0,0.0,0.0,0.0,0.0,0.0,0.0,0.0,0.0,0.0,0.41363016810540665,0.0,{},{},{},{},{},{},24.640044450759888,24.926559925079346,24.831160306930542,24.595603227615356,24.526227712631226,0,0,0,0,0,0,0,0,0,0,0.27547311782836914,,,0
30,39.59364540611889,41.09744024890397,41.088012068071464,41.889407438834674,41.559421109696885,2.2536036014556884,2.3235153198242187,2.336996352672577,2.359842038154602,2.3004208326339723,"[31.76470588235294, 40.0, 39.05882352941176, 40.470588235294116, 39.59364540611889]","[27.764705882352942, 37.88235294117647, 38.11764705882353, 39.294117647058826, 41.09744024890397]","[26.588235294117645, 40.705882352941174, 43.05882352941177, 45.41176470588235, 41.088012068071464]","[27.52941176470588, 41.411764705882355, 41.411764705882355, 42.11764705882353, 41.889407438834674]","[35.05882352941177, 44.0, 46.588235294117645, 46.588235294117645, 41.559421109696885]","[2.556407630443573, 2.3512971997261047, 2.1439428329467773, 2.121022939682007, 2.0953474044799805]","[2.80593079328537, 2.4280627369880676, 2.1539186239242554, 2.1283925771713257, 2.101271867752075]","[2.672545909881592, 2.5301513075828552, 2.2441566586494446, 2.1316056847572327, 2.1065222024917603]","[2.8705856800079346, 2.5330875515937805, 2.1601587533950806, 2.1291481256484985, 2.106230080127716]","[2.682304084300995, 2.4987598061561584, 2.133933961391449, 2.0952537059783936, 2.091852605342865]",0.0,0.0,0.0,0.0,0.0,0.0,0.0,0.0,0.0,0.0,0.0,0.42189913675602,0.0,{},{},{},{},{},{},24.722549438476562,24.29414463043213,24.478594064712524,24.451154470443726,24.587898015975952,0,0,0,0,0,0,0,0,0,0,0.2757995128631592,,,0
31,42.125111959647384,42.483382831282704,41.201150238061565,42.65309008626785,41.75741290717956,2.1951029658317567,2.243140530586243,2.3280611634254456,2.226847064495087,2.2903266310691834,"[38.82352941176471, 41.17647058823529, 41.88235294117647, 42.11764705882353, 42.125111959647384]","[24.705882352941178, 36.94117647058823, 40.94117647058824, 40.23529411764706, 42.483382831282704]","[27.764705882352942, 39.05882352941176, 43.529411764705884, 42.58823529411765, 41.201150238061565]","[37.1764705882353, 42.58823529411765, 43.529411764705884, 45.41176470588235, 42.65309008626785]","[23.764705882352942, 37.411764705882355, 47.294117647058826, 47.76470588235294, 41.75741290717956]","[2.50370329618454, 2.239221751689911, 2.0923290848731995, 2.0720150470733643, 2.0682456493377686]","[2.5393977761268616, 2.386859357357025, 2.150081157684326, 2.082784950733185, 2.0565794110298157]","[2.735289752483368, 2.5694541931152344, 2.1760758757591248, 2.0859926342964172, 2.0734933614730835]","[2.493923306465149, 2.347528338432312, 2.1591802835464478, 2.0811150670051575, 2.052488327026367]","[2.553692877292633, 2.5322059988975525, 2.204903304576874, 2.089076042175293, 2.0717549324035645]",0.0,0.0,0.0,0.0,0.0,0.0,0.0,0.0,0.0,0.0,0.0,0.432258064516129,0.0,{},{},{},{},{},{},24.152337551116943,24.49063539505005,24.70550298690796,25.19429326057434,24.56606650352478,0,0,0,0,0,0,0,0,0,0,0.35579657554626465,,,0
32,42.195823315891204,43.62890680243247,42.638947815019094,43.44977136661481,42.49281101211521,2.183965277671814,2.2196738183498383,2.184736633300781,2.328393304347992,2.1866010546684267,"[30.117647058823525, 43.29411764705882, 43.29411764705882, 44.23529411764706, 42.195823315891204]","[29.411764705882355, 37.88235294117647, 40.23529411764706, 40.470588235294116, 43.62890680243247]","[34.588235294117645, 42.11764705882353, 47.76470588235294, 47.05882352941176, 42.638947815019094]","[27.294117647058826, 39.76470588235294, 45.1764705882353, 43.05882352941177, 43.44977136661481]","[29.411764705882355, 44.70588235294118, 47.529411764705884, 46.588235294117645, 42.49281101211521]","[2.4969441890716553, 2.2480832934379578, 2.094437301158905, 2.0360933542251587, 2.044268250465393]","[2.675146460533142, 2.253426194190979, 2.0811817049980164, 2.0452045798301697, 2.043410152196884]","[2.5842756032943726, 2.226984739303589, 2.07386177778244, 2.029291331768036, 2.0092697143554688]","[2.640454590320587, 2.6701085567474365, 2.222341299057007, 2.0629685521125793, 2.04609352350235]","[2.489169120788574, 2.3240110874176025, 2.0789849162101746, 2.027139812707901, 2.0137003362178802]",0.0,0.0,0.0,0.0,0.0,0.0,0.0,0.0,0.0,0.0,0.0,0.4410722398909587,0.0,{},{},{},{},{},{},24.890704870224,24.61782431602478,26.256914854049683,24.568284034729004,25.18733263015747,0,0,0,0,0,0,0,0,0,0,0.2667827606201172,,,0
33,43.586479988686186,44.321878093621834,42.97364823457314,43.237637297883374,44.41615990194692,2.248378777503967,2.146634840965271,2.2721027731895447,2.2352966189384462,2.1461006879806517,"[28.000000000000004, 39.05882352941176, 42.58823529411765, 42.8235294117647, 43.586479988686186]","[26.35294117647059, 40.0, 39.76470588235294, 40.94117647058824, 44.321878093621834]","[32.470588235294116, 41.88235294117647, 45.88235294117647, 47.529411764705884, 42.97364823457314]","[28.941176470588236, 42.11764705882353, 44.0, 44.70588235294118, 43.237637297883374]","[40.470588235294116, 46.11764705882353, 48.470588235294116, 48.0, 44.41615990194692]","[2.674689829349518, 2.451433837413788, 2.073852002620697, 2.036369353532791, 2.0055488646030426]","[2.473340719938278, 2.209974706172943, 2.0434717535972595, 2.0060508847236633, 2.000336140394211]","[2.728982150554657, 2.5579896569252014, 2.053810626268387, 2.0137139558792114, 2.0060174763202667]","[2.5457573533058167, 2.54296875, 2.095201253890991, 2.014429897069931, 1.9781258404254913]","[2.4116945564746857, 2.3148114681243896, 2.024405211210251, 1.9911026358604431, 1.98848956823349]",0.0,0.0,0.0,0.0,0.0,0.0,0.0,0.0,0.0,0.0,0.0,0.4504316219900045,0.0,{},{},{},{},{},{},24.908204555511475,24.648836612701416,24.719281911849976,24.697411060333252,24.8425714969635,0,0,0,0,0,0,0,0,0,0,0.2701444625854492,,,0
34,43.26120774996464,45.36369207561401,44.637722151510864,45.434403431857824,44.2841653702918,2.124671679735184,2.1384705662727357,2.0282478392124177,2.159664934873581,2.1816976249217985,"[34.8235294117647, 41.88235294117647, 43.76470588235294, 43.76470588235294, 43.26120774996464]","[29.88235294117647, 43.529411764705884, 43.05882352941177, 42.11764705882353, 45.36369207561401]","[45.1764705882353, 46.588235294117645, 47.05882352941176, 48.94117647058824, 44.637722151510864]","[32.470588235294116, 44.94117647058823, 45.41176470588235, 45.41176470588235, 45.434403431857824]","[25.647058823529413, 48.94117647058824, 48.470588235294116, 49.411764705882355, 44.2841653702918]","[2.35305118560791, 2.280182123184204, 2.022152155637741, 1.9876611530780792, 1.980311781167984]","[2.503027707338333, 2.24031001329422, 2.017015516757965, 1.97913259267807, 1.9528670012950897]","[2.189366966485977, 2.1108657717704773, 1.9702534675598145, 1.947433054447174, 1.923319935798645]","[2.490343749523163, 2.3780340552330017, 2.0062242448329926, 1.9526174366474152, 1.9711051881313324]","[2.55531445145607, 2.43012934923172, 2.0139623284339905, 1.9620032012462616, 1.9470787942409515]",0.0,0.0,0.0,0.0,0.0,0.0,0.0,0.0,0.0,0.0,0.0,0.4573375738300772,0.0,{},{},{},{},{},{},24.76742434501648,24.723689079284668,24.718766450881958,24.87803840637207,24.70946741104126,0,0,0,0,0,0,0,0,0,0,0.2662343978881836,,,0
35,44.34544854570311,45.75967567057936,45.599396596426715,46.542214679677556,45.42026116060906,2.1055714428424834,2.0776003539562224,2.157913029193878,2.100981813669205,2.083416152000427,"[32.70588235294118, 44.23529411764706, 45.1764705882353, 44.94117647058823, 44.34544854570311]","[28.47058823529412, 41.647058823529406, 42.8235294117647, 43.76470588235294, 45.75967567057936]","[31.529411764705884, 46.35294117647059, 47.294117647058826, 47.76470588235294, 45.599396596426715]","[34.588235294117645, 44.94117647058823, 47.294117647058826, 47.05882352941176, 46.542214679677556]","[30.823529411764707, 47.294117647058826, 47.529411764705884, 48.94117647058824, 45.42026116060906]","[2.412129282951355, 2.277735948562622, 1.9825732111930847, 1.9339686334133148, 1.921450138092041]","[2.318169742822647, 2.2408605217933655, 1.9907245934009552, 1.926548808813095, 1.9116981029510498]","[2.6093924939632416, 2.3380876779556274, 1.9671583473682404, 1.952965646982193, 1.9219609797000885]","[2.368333160877228, 2.3111791014671326, 1.9767045974731445, 1.9273349046707153, 1.9213573038578033]","[2.363511770963669, 2.2236570715904236, 1.9776624143123627, 1.9341253340244293, 1.9181241691112518]",0.0,0.0,0.0,0.0,0.0,0.0,0.0,0.0,0.0,0.0,0.0,0.46778736937755566,0.0,{},{},{},{},{},{},24.58531951904297,24.91799259185791,24.597435235977173,24.602391719818115,24.55210280418396,0,0,0,0,0,0,0,0,0,0,0.26871228218078613,,,0
36,46.59878376467261,46.37250742469241,46.72135011549521,46.69777966341395,45.61825295809174,2.0142516136169433,2.0283709824085236,2.064281529188156,2.0966965913772584,2.032750886678696,"[42.35294117647059, 45.88235294117647, 48.0, 46.35294117647059, 46.59878376467261]","[36.705882352941174, 41.88235294117647, 44.23529411764706, 45.88235294117647, 46.37250742469241]","[38.35294117647059, 47.529411764705884, 48.705882352941174, 48.94117647058824, 46.72135011549521]","[30.117647058823525, 45.64705882352941, 45.64705882352941, 47.294117647058826, 46.69777966341395]","[40.705882352941174, 48.0, 50.117647058823536, 50.117647058823536, 45.61825295809174]","[2.1535708010196686, 2.1832449436187744, 1.9241549670696259, 1.9038005769252777, 1.9064867794513702]","[2.3511323630809784, 2.0825428664684296, 1.9333286881446838, 1.8917250037193298, 1.8831259906291962]","[2.364506632089615, 2.2171891927719116, 1.9596977531909943, 1.8915526270866394, 1.8884614408016205]","[2.3594034910202026, 2.3645653128623962, 1.9558478593826294, 1.9069117605686188, 1.8967545330524445]","[2.316261976957321, 2.1466607451438904, 1.9310825169086456, 1.886323630809784, 1.8834255635738373]",0.0,0.0,0.0,0.0,0.0,0.0,0.0,0.0,0.0,0.0,0.0,0.47641980917764654,0.0,{},{},{},{},{},{},24.550893306732178,24.870409727096558,24.458077430725098,24.376994132995605,24.691784858703613,0,0,0,0,0,0,0,0,0,0,0.2680623531341553,,,0
37,46.829774195069064,47.353038231273274,47.12204780087682,46.96176872672418,46.85334464715033,2.0139526546001436,2.1306812047958372,2.0158761501312257,2.028231555223465,2.003584456443787,"[40.0, 46.11764705882353, 46.588235294117645, 46.35294117647059, 46.829774195069064]","[31.294117647058822, 42.58823529411765, 45.88235294117647, 45.41176470588235, 47.353038231273274]","[38.11764705882353, 48.470588235294116, 48.94117647058824, 48.23529411764706, 47.12204780087682]","[39.05882352941176, 47.294117647058826, 48.0, 48.705882352941174, 46.96176872672418]","[39.76470588235294, 47.294117647058826, 50.8235294117647, 49.411764705882355, 46.85334464715033]","[2.291393369436264, 2.0752188563346863, 1.943937361240387, 1.8850582242012024, 1.8741554617881775]","[2.6735414564609528, 2.3175435066223145, 1.9132516980171204, 1.869796335697174, 1.8792730271816254]","[2.3695948719978333, 2.1033706665039062, 1.8935335576534271, 1.8685672283172607, 1.8443144261837006]","[2.421062409877777, 2.118720233440399, 1.9215863049030304, 1.8688327372074127, 1.8109560906887054]","[2.357875496149063, 2.0606866478919983, 1.8801519274711609, 1.8596840500831604, 1.8595241606235504]",0.0,0.0,0.0,0.0,0.0,0.0,0.0,0.0,0.0,0.0,0.0,0.48196274420717855,0.0,{},{},{},{},{},{},24.348262071609497,24.410340785980225,24.488197803497314,24.28877282142639,24.590320587158203,0,0,0,0,0,0,0,0,0,0,0.24439167976379395,,,0
38,48.229859048696554,48.423136755762975,47.95644180455381,48.738980813652006,48.20628859661528,2.0195731818675995,1.9579919815063476,2.0107351660728456,2.0256782114505767,2.0813656091690063,"[38.11764705882353, 47.76470588235294, 48.470588235294116, 48.94117647058824, 48.229859048696554]","[36.94117647058823, 45.41176470588235, 44.94117647058823, 46.11764705882353, 48.423136755762975]","[34.11764705882353, 49.411764705882355, 49.88235294117647, 49.64705882352941, 47.95644180455381]","[36.23529411764706, 49.411764705882355, 48.470588235294116, 51.76470588235295, 48.738980813652006]","[28.235294117647058, 47.294117647058826, 49.64705882352941, 50.588235294117645, 48.20628859661528]","[2.368711531162262, 2.0993325114250183, 1.9264738261699677, 1.8588299453258514, 1.844518095254898]","[2.212789922952652, 2.060472011566162, 1.86765855550766, 1.833481103181839, 1.8155583143234253]","[2.387081801891327, 2.1350690126419067, 1.885827511548996, 1.8233978152275085, 1.8222996890544891]","[2.382176011800766, 2.24596905708313, 1.8478985130786896, 1.8220633268356323, 1.8302841484546661]","[2.4733213782310486, 2.31525057554245, 1.9098662436008453, 1.8708552718162537, 1.8375345766544342]",0.0,0.0,0.0,0.0,0.0,0.0,0.0,0.0,0.0,0.0,0.0,0.49486597001363014,0.0,{},{},{},{},{},{},24.123115301132202,24.35457754135132,26.499366283416748,24.112932443618774,24.189506769180298,0,0,0,0,0,0,0,0,0,0,0.26485633850097656,,,0
39,48.225144958280296,48.63527082449441,49.24810257860746,49.54509027483147,48.92283033988592,1.9440525591373443,1.9863117456436157,1.935903435945511,1.9349684596061707,2.000525641441345,"[42.11764705882353, 50.117647058823536, 50.8235294117647, 50.117647058823536, 48.225144958280296]","[38.35294117647059, 45.1764705882353, 44.94117647058823, 45.64705882352941, 48.63527082449441]","[46.35294117647059, 50.117647058823536, 50.8235294117647, 51.294117647058826, 49.24810257860746]","[41.17647058823529, 47.05882352941176, 47.529411764705884, 49.1764705882353, 49.54509027483147]","[38.35294117647059, 49.411764705882355, 49.1764705882353, 52.0, 48.92283033988592]","[2.2311794757843018, 1.9758406281471252, 1.8751536011695862, 1.8231616914272308, 1.8149273991584778]","[2.3706474602222443, 2.0970425605773926, 1.8524824976921082, 1.8057730793952942, 1.8056131303310394]","[2.301488161087036, 1.9821092784404755, 1.8171983361244202, 1.8064672946929932, 1.7722541093826294]","[2.256773144006729, 2.0031683146953583, 1.8188545405864716, 1.7959211468696594, 1.8001251518726349]","[2.3570494055747986, 2.2068471908569336, 1.8245470225811005, 1.8213935494422913, 1.7927910387516022]",0.0,0.0,0.0,0.0,0.0,0.0,0.0,0.0,0.0,0.0,0.0,0.4992276238073603,0.0,{},{},{},{},{},{},24.626343488693237,24.494890689849854,24.421485662460327,24.06584596633911,24.373440980911255,0,0,0,0,0,0,0,0,0,0,0.2682831287384033,,,0
40,50.21920520435582,50.14849384811201,49.16796304153114,48.61170037241314,49.776080705227926,1.9635518491268158,1.9591999053955078,1.9495027720928193,1.9081480205059052,1.8747004449367524,"[34.8235294117647, 50.35294117647059, 50.35294117647059, 50.35294117647059, 50.21920520435582]","[39.05882352941176, 44.70588235294118, 46.11764705882353, 45.64705882352941, 50.14849384811201]","[39.05882352941176, 50.117647058823536, 51.294117647058826, 50.588235294117645, 49.16796304153114]","[43.05882352941177, 48.470588235294116, 49.64705882352941, 51.05882352941177, 48.61170037241314]","[45.1764705882353, 52.470588235294116, 51.76470588235295, 53.17647058823529, 49.776080705227926]","[2.3745178878307343, 2.0773777067661285, 1.8115574419498444, 1.7816727459430695, 1.7726334631443024]","[2.3416057527065277, 2.0505069494247437, 1.8343181014060974, 1.7925452291965485, 1.7770234942436218]","[2.306754380464554, 2.0668103098869324, 1.8190149068832397, 1.78446364402771, 1.7704706192016602]","[2.1700826585292816, 1.9981663823127747, 1.8175022602081299, 1.7975209951400757, 1.757467806339264]","[2.1033330857753754, 1.950482338666916, 1.7807151675224304, 1.777965933084488, 1.761005699634552]",50.47058823529412,50.0,50.47058823529412,50.23529411764706,51.294117647058826,50.47058823529412,50.0,50.47058823529411,50.235294117647065,51.294117647058826,50.15439737878038,0.5066787823716492,50.15102425449528,{},{},{},{},{},{},24.384462356567383,24.295098066329956,24.708820819854736,24.39529037475586,24.537152528762817,0,0,0,0,0,0,0,0,0,0,0.22762060165405273,,,0
41,50.341771555178426,50.978173761372744,50.445481544336026,50.591618347239894,50.80375241597134,1.9104194223880768,1.9770489394664765,1.9433700442314148,1.9216473042964934,1.9843552947044372,"[45.1764705882353, 51.05882352941177, 51.05882352941177, 50.8235294117647, 50.341771555178426]","[33.88235294117647, 44.23529411764706, 47.05882352941176, 45.88235294117647, 50.978173761372744]","[35.05882352941177, 48.94117647058824, 51.52941176470588, 51.52941176470588, 50.445481544336026]","[40.470588235294116, 48.470588235294116, 49.411764705882355, 51.05882352941177, 50.591618347239894]","[36.705882352941174, 51.76470588235295, 53.17647058823529, 52.94117647058824, 50.80375241597134]","[2.156659185886383, 2.102733790874481, 1.794422835111618, 1.7432802319526672, 1.7550010681152344]","[2.4031776785850525, 2.1623383164405823, 1.8035427033901215, 1.752045601606369, 1.764140397310257]","[2.277642637491226, 2.072883427143097, 1.884222537279129, 1.7455622553825378, 1.736539363861084]","[2.195035755634308, 2.137460947036743, 1.7750720381736755, 1.7672963738441467, 1.7333714067935944]","[2.5483259856700897, 2.0887304842472076, 1.7874524295330048, 1.7479505240917206, 1.7493170499801636]",50.35294117647059,49.76470588235294,50.23529411764706,50.70588235294118,51.76470588235295,50.35294117647059,49.76470588235294,50.235294117647065,50.70588235294118,51.76470588235295,50.121396412323506,0.515038618809632,50.11802995561088,{},{},{},{},{},{},24.230891942977905,24.095494031906128,24.09356927871704,24.305359601974487,24.189734935760498,0,0,0,0,0,0,0,0,0,0,0.27791357040405273,,,0
42,51.15259510677414,51.58157733465328,51.42601235091689,51.68057323339461,51.33644463300806,1.9016388356685638,1.8774442553520203,1.8851589143276215,1.867500549554825,1.879680323600769,"[37.64705882352941, 50.588235294117645, 49.64705882352941, 51.294117647058826, 51.15259510677414]","[41.647058823529406, 47.294117647058826, 47.529411764705884, 48.23529411764706, 51.58157733465328]","[36.705882352941174, 52.470588235294116, 54.11764705882353, 54.58823529411765, 51.42601235091689]","[45.41176470588235, 51.294117647058826, 53.64705882352941, 53.88235294117647, 51.68057323339461]","[31.529411764705884, 53.64705882352941, 53.41176470588235, 53.88235294117647, 51.33644463300806]","[2.2065848410129547, 2.060566335916519, 1.7729706168174744, 1.738851547241211, 1.72922083735466]","[2.267739862203598, 1.9041031301021576, 1.7530759274959564, 1.7473914921283722, 1.714910864830017]","[2.2897387742996216, 1.9592296779155731, 1.753455936908722, 1.7220961451530457, 1.701274037361145]","[2.1251430809497833, 2.0498815774917603, 1.725041389465332, 1.7341211140155792, 1.7033155858516693]","[2.22118416428566, 1.9945749044418335, 1.7578538954257965, 1.7051724791526794, 1.719616174697876]",51.411764705882355,50.0,50.70588235294118,50.47058823529412,51.64705882352941,51.411764705882355,50.0,50.70588235294118,50.47058823529412,51.64705882352941,50.07660938641775,0.5219445706497047,50.07325443132834,{},{},{},{},{},{},24.562964916229248,24.61951732635498,24.75106453895569,24.293046474456787,24.944740295410156,0,0,0,0,0,0,0,0,0,0,0.27507448196411133,,,0
43,51.46843916466318,51.95399047753736,51.62871823881582,52.373544524583984,52.51496723707161,1.866350257396698,1.855791825056076,1.8976157903671265,1.826050990819931,1.8637576341629027,"[34.35294117647059, 50.35294117647059, 52.0, 50.588235294117645, 51.46843916466318]","[37.411764705882355, 47.76470588235294, 49.88235294117647, 50.117647058823536, 51.95399047753736]","[44.23529411764706, 52.94117647058824, 52.94117647058824, 54.11764705882353, 51.62871823881582]","[40.705882352941174, 50.117647058823536, 52.0, 53.64705882352941, 52.373544524583984]","[42.8235294117647, 52.23529411764706, 53.17647058823529, 53.17647058823529, 52.51496723707161]","[2.1886794567108154, 1.96067276597023, 1.740025818347931, 1.7120479941368103, 1.7303252518177032]","[2.174840420484543, 2.016555994749069, 1.7231635451316833, 1.6888438165187836, 1.6755553483963013]","[2.4479310512542725, 1.9275050461292267, 1.7198101580142975, 1.7063664495944977, 1.686466246843338]","[2.0758015513420105, 1.967318832874298, 1.704971581697464, 1.7055097818374634, 1.6766532063484192]","[2.188533693552017, 2.0354192554950714, 1.7263622879981995, 1.6892776191234589, 1.6791953146457672]",50.47058823529412,49.411764705882355,50.117647058823536,49.88235294117647,51.05882352941177,50.47058823529412,49.411764705882355,50.117647058823536,49.88235294117647,51.05882352941177,50.06482332696886,0.5297592003634711,50.06147787334646,{},{},{},{},{},{},24.82193660736084,24.847229719161987,24.470378637313843,24.542320251464844,24.53006339073181,0,0,0,0,0,0,0,0,0,0,0.3778350353240967,,,0
44,52.496110875406586,52.10484137085749,52.208551360015086,52.293404987507664,52.496110875406586,1.8046610414981843,1.8387834072113036,1.8440745055675507,1.834046220779419,1.847179365158081,"[42.8235294117647, 48.705882352941174, 50.117647058823536, 51.294117647058826, 52.496110875406586]","[39.76470588235294, 49.1764705882353, 49.88235294117647, 49.1764705882353, 52.10484137085749]","[36.470588235294116, 52.0, 53.41176470588235, 53.41176470588235, 52.208551360015086]","[39.52941176470588, 50.35294117647059, 53.64705882352941, 53.88235294117647, 52.293404987507664]","[37.64705882352941, 54.11764705882353, 54.58823529411765, 52.470588235294116, 52.496110875406586]","[2.1015745401382446, 1.8808053135871887, 1.7084264755249023, 1.6722192466259003, 1.660279631614685]","[2.305134505033493, 1.8508418798446655, 1.7145174443721771, 1.681849867105484, 1.6415733397006989]","[2.1864981055259705, 2.011118173599243, 1.6803233325481415, 1.6939610242843628, 1.6484718918800354]","[2.160526990890503, 1.9921138882637024, 1.7031683325767517, 1.6644535958766937, 1.649968296289444]","[2.249684900045395, 1.9609116315841675, 1.6940486431121826, 1.6584725677967072, 1.6727790832519531]",50.588235294117645,50.588235294117645,49.64705882352941,50.0,51.294117647058826,50.588235294117645,50.588235294117645,49.64705882352941,49.99999999999999,51.294117647058826,50.0813238101973,0.5374829622898682,50.07801186203839,{},{},{},{},{},{},24.291332483291626,24.241676807403564,24.572771072387695,24.38623285293579,24.661011695861816,0,0,0,0,0,0,0,0,0,0,0.2730867862701416,,,0
45,53.86319709612031,53.2975062461698,52.7836703907981,53.38707396407864,53.23150898034225,1.8595512688159943,1.820998376607895,1.7645155847072602,1.7602856755256653,1.8179809212684632,"[41.17647058823529, 53.64705882352941, 53.41176470588235, 53.64705882352941, 53.86319709612031]","[37.411764705882355, 50.588235294117645, 51.52941176470588, 51.05882352941177, 53.2975062461698]","[49.411764705882355, 53.88235294117647, 54.58823529411765, 55.294117647058826, 52.7836703907981]","[45.1764705882353, 52.470588235294116, 53.88235294117647, 53.17647058823529, 53.38707396407864]","[39.294117647058826, 55.05882352941176, 58.58823529411765, 56.23529411764706, 53.23150898034225]","[2.248740941286087, 1.9982707798480988, 1.7093327641487122, 1.679920107126236, 1.6614917516708374]","[2.2181556224823, 1.9066157042980194, 1.6827202141284943, 1.6463416814804077, 1.6511586606502533]","[2.024716764688492, 1.8903469741344452, 1.650866687297821, 1.6403667032718658, 1.6162807941436768]","[2.003254473209381, 1.8783734142780304, 1.6688741445541382, 1.6308329403400421, 1.6200934052467346]","[2.1327743530273438, 2.0021983087062836, 1.6870273649692535, 1.6267684400081635, 1.6411361396312714]",50.23529411764706,50.70588235294118,49.88235294117647,50.35294117647059,50.47058823529412,50.23529411764706,50.70588235294117,49.882352941176464,50.35294117647058,50.47058823529412,50.08839544586663,0.5428441617446615,50.08512167054029,{},{},{},{},{},{},24.528140783309937,24.24866485595703,24.090664863586426,24.355085611343384,26.453566551208496,0,0,0,0,0,0,0,0,0,0,0.2740936279296875,,,0
46,54.10832979776552,53.51906849573375,53.59449394239382,53.495498043652475,54.080045255268,1.8384758114814759,1.7508468329906464,1.7319806694984436,1.7393732130527497,1.7448640644550324,"[41.88235294117647, 49.411764705882355, 51.52941176470588, 53.17647058823529, 54.10832979776552]","[47.05882352941176, 48.470588235294116, 52.0, 49.64705882352941, 53.51906849573375]","[45.41176470588235, 56.470588235294116, 56.94117647058824, 53.88235294117647, 53.59449394239382]","[49.411764705882355, 55.05882352941176, 54.11764705882353, 55.294117647058826, 53.495498043652475]","[51.05882352941177, 55.76470588235294, 57.88235294117647, 55.294117647058826, 54.080045255268]","[2.354547679424286, 1.8824959695339203, 1.6777678728103638, 1.6375008523464203, 1.640066683292389]","[2.1269410252571106, 1.6888969242572784, 1.6600912809371948, 1.6454221606254578, 1.6328827738761902]","[2.0298652946949005, 1.792342871427536, 1.6219623386859894, 1.592485249042511, 1.6232475936412811]","[2.062710225582123, 1.801994651556015, 1.6358250081539154, 1.6059401035308838, 1.5903960764408112]","[1.9863065779209137, 1.8782086670398712, 1.6387871205806732, 1.6130551099777222, 1.6079628467559814]",50.47058823529412,51.05882352941177,49.88235294117647,49.76470588235294,50.0,50.47058823529411,51.058823529411754,49.88235294117648,49.76470588235294,50.000000000000014,50.109610352874626,0.5498409813721036,50.10636208175032,{},{},{},{},{},{},24.20264172554016,24.705525875091553,24.837550401687622,24.556251764297485,24.80246615409851,0,0,0,0,0,0,0,0,0,0,0.2700178623199463,,,0
47,54.81544336020365,54.169612973176825,54.43831612690332,54.499599302314614,54.174327063593076,1.769612616300583,1.7175926923751832,1.7448839128017426,1.7375531554222108,1.7546104609966278,"[43.29411764705882, 52.94117647058824, 53.88235294117647, 54.8235294117647, 54.81544336020365]","[41.647058823529406, 50.35294117647059, 50.35294117647059, 51.294117647058826, 54.169612973176825]","[47.05882352941176, 56.94117647058824, 57.647058823529406, 56.470588235294116, 54.43831612690332]","[51.52941176470588, 54.8235294117647, 54.11764705882353, 57.1764705882353, 54.499599302314614]","[40.0, 55.76470588235294, 56.00000000000001, 56.94117647058824, 54.174327063593076]","[2.1468701660633087, 1.8316808640956879, 1.650380164384842, 1.6136407256126404, 1.6054911613464355]","[1.9818193018436432, 1.8009796440601349, 1.6067506968975067, 1.610049843788147, 1.5883639752864838]","[2.0638891458511353, 1.8931823372840881, 1.611050009727478, 1.581370860338211, 1.5749272108078003]","[2.0901076793670654, 1.8153928220272064, 1.610651969909668, 1.5985879302024841, 1.5730253756046295]","[2.066079318523407, 1.870814323425293, 1.6269488334655762, 1.608431100845337, 1.600778728723526]",50.70588235294118,50.588235294117645,49.76470588235294,50.117647058823536,50.8235294117647,50.70588235294118,50.588235294117645,49.764705882352935,50.11764705882352,50.8235294117647,50.09310986964618,0.5546569741026806,50.08988210173221,{},{},{},{},{},{},24.742929697036743,24.637324333190918,24.646127939224243,24.734773635864258,24.472148418426514,0,0,0,0,0,0,0,0,0,0,0.2716836929321289,,,0
48,55.489558289727995,54.872012445198706,54.94743789185876,54.74944609437608,55.07471833309763,1.7123839616775514,1.7148934125900268,1.766693913936615,1.7243250489234925,1.7392382144927978,"[50.117647058823536, 54.11764705882353, 54.352941176470594, 54.8235294117647, 55.489558289727995]","[43.529411764705884, 51.52941176470588, 51.05882352941177, 51.05882352941177, 54.872012445198706]","[40.94117647058824, 56.00000000000001, 56.23529411764706, 57.41176470588235, 54.94743789185876]","[45.64705882352941, 55.294117647058826, 54.11764705882353, 54.352941176470594, 54.74944609437608]","[45.88235294117647, 56.94117647058824, 58.58823529411765, 58.11764705882353, 55.07471833309763]","[2.076854109764099, 1.7016722559928894, 1.609413355588913, 1.5837979912757874, 1.5901820957660675]","[2.0681205689907074, 1.7470755279064178, 1.5998024940490723, 1.600637137889862, 1.5588313341140747]","[2.16709241271019, 1.926809698343277, 1.5983477234840393, 1.5744931995868683, 1.5667265355587006]","[2.1192725002765656, 1.7963248193264008, 1.5835895836353302, 1.5541265904903412, 1.5683117508888245]","[2.0817977488040924, 1.8477429449558258, 1.6251992881298065, 1.5741541683673859, 1.5672969222068787]",49.529411764705884,50.35294117647059,49.64705882352941,50.23529411764706,50.47058823529412,49.529411764705884,50.35294117647059,49.64705882352941,50.235294117647065,50.47058823529411,50.08603823397685,0.5608359836437983,50.082833636415344,{},{},{},{},{},{},24.891451835632324,24.384671926498413,24.460874557495117,24.40362572669983,24.62124538421631,0,0,0,0,0,0,0,0,0,0,0.27475905418395996,,,0
49,55.47070192806298,55.42356102390043,55.93268278885589,54.8201574506199,55.75826144345448,1.6691576778888702,1.6636754631996156,1.7101497888565063,1.7265039801597595,1.6654173374176025,"[51.76470588235295, 55.76470588235294, 54.352941176470594, 53.88235294117647, 55.47070192806298]","[49.64705882352941, 51.52941176470588, 52.23529411764706, 51.52941176470588, 55.42356102390043]","[39.05882352941176, 57.1764705882353, 58.11764705882353, 57.41176470588235, 55.93268278885589]","[44.23529411764706, 53.64705882352941, 53.41176470588235, 55.76470588235294, 54.8201574506199]","[52.23529411764706, 56.470588235294116, 57.88235294117647, 59.05882352941176, 55.75826144345448]","[1.912359356880188, 1.713792234659195, 1.5869694352149963, 1.5496226251125336, 1.5830447375774384]","[1.9935169219970703, 1.6413342654705048, 1.5584380328655243, 1.5675154626369476, 1.5575726330280304]","[2.0687869787216187, 1.7953475415706635, 1.5680278539657593, 1.5796325504779816, 1.5389540195465088]","[2.1620557010173798, 1.7786531746387482, 1.6007597744464874, 1.5581039488315582, 1.532947301864624]","[2.019634872674942, 1.6441078186035156, 1.5594542622566223, 1.560705542564392, 1.5431841909885406]",50.0,51.05882352941177,49.411764705882355,49.76470588235294,50.23529411764706,49.99999999999999,51.05882352941177,49.41176470588235,49.76470588235294,50.23529411764706,50.08839544586663,0.5644706951385734,50.08520968467535,{},{},{},{},{},{},24.744728565216064,24.757517337799072,24.792347192764282,24.734466075897217,24.584415674209595,0,0,0,0,0,0,0,0,0,0,0.2429366111755371,,,0
