,client_accuracy_1,client_accuracy_6,client_accuracy_4,client_accuracy_9,client_accuracy_3,client_accuracy_8,client_accuracy_5,client_accuracy_7,client_accuracy_2,client_accuracy_0,client_attack_1,client_attack_6,client_attack_4,client_attack_9,client_attack_3,client_attack_8,client_attack_5,client_attack_7,client_attack_2,client_attack_0,client_auc_1,client_auc_6,client_auc_4,client_auc_9,client_auc_3,client_auc_8,client_auc_5,client_auc_7,client_auc_2,client_auc_0,server_attack,server_accuracy,server_auc
0,14.291506182850192,13.440097303871884,12.304885465234138,13.541455503750251,14.818568822217717,13.92661666328806,14.23069126292317,13.622542063652949,11.575106426109873,13.72390026353132,0.0,0.0,0.0,0.0,0.0,0.0,0.0,0.0,0.0,0.0,0.0,0.0,0.0,0.0,0.0,0.0,0.0,0.0,0.0,0.0,0.0,0.19565790273864303,0.0
1,23.352929251976484,20.616257855260493,21.91364281370363,23.393472531927834,24.447597810662884,24.407054530711534,25.278735049665517,23.393472531927834,22.096087573484695,23.332657612000812,0.0,0.0,0.0,0.0,0.0,0.0,0.0,0.0,0.0,0.0,0.0,0.0,0.0,0.0,0.0,0.0,0.0,0.0,0.0,0.0,0.0,0.33621184785766894,0.0
2,30.3669166835597,30.529089803365096,30.164200283802963,32.11027772146767,30.04257044394891,31.056152442732614,32.09000608149199,28.8060004054328,29.79931076424083,28.826272045408473,0.0,0.0,0.0,0.0,0.0,0.0,0.0,0.0,0.0,0.0,0.0,0.0,0.0,0.0,0.0,0.0,0.0,0.0,0.0,0.0,0.0,0.41612103275154905,0.0
3,35.33346847759984,36.1443340766268,35.41455503750253,35.2118386377458,36.93492803567809,33.954996959254004,34.5834177984999,36.12406243665113,36.40786539631056,35.63754307723495,0.0,0.0,0.0,0.0,0.0,0.0,0.0,0.0,0.0,0.0,0.0,0.0,0.0,0.0,0.0,0.0,0.0,0.0,0.0,0.0,0.0,0.47661038022068614,0.0
4,38.59720251368336,38.41475775390229,38.029596594364484,38.53638759375633,39.59051287249139,37.86742347455909,36.38759375633489,36.81329819582404,38.19176971416988,38.47557267382931,0.0,0.0,0.0,0.0,0.0,0.0,0.0,0.0,0.0,0.0,0.0,0.0,0.0,0.0,0.0,0.0,0.0,0.0,0.0,0.0,0.0,0.5115782503226504,0.0
5,42.26636934928036,43.219136428137034,40.097303871883234,42.732617068720856,39.2661666328806,41.090614230691266,41.17170079059396,41.69876342996148,42.28664098925603,41.110885870666934,0.0,0.0,0.0,0.0,0.0,0.0,0.0,0.0,0.0,0.0,0.0,0.0,0.0,0.0,0.0,0.0,0.0,0.0,0.0,0.0,0.0,0.5323022034825972,0.0
6,40.25947699168862,44.273261706872084,44.09081694709102,45.30711534563146,43.016420028380296,42.69207378876951,45.043584025947695,42.95560510845328,42.71234542874519,43.300222988039735,0.0,0.0,0.0,0.0,0.0,0.0,0.0,0.0,0.0,0.0,0.0,0.0,0.0,0.0,0.0,0.0,0.0,0.0,0.0,0.0,0.0,0.5490259674444061,0.0
7,44.252990066896416,46.78694506385567,44.59760794648287,45.124670585850396,44.4962497466045,45.327386985607134,46.19906750456112,45.77336306507196,46.01662274478005,43.969187107236976,0.0,0.0,0.0,0.0,0.0,0.0,0.0,0.0,0.0,0.0,0.0,0.0,0.0,0.0,0.0,0.0,0.0,0.0,0.0,0.0,0.0,0.5573304142763509,0.0
8,45.77336306507196,47.35455098317453,46.30042570443949,45.55037502533955,46.19906750456112,47.45590918305291,46.70585850395297,45.34765862558281,46.40178390431786,46.80721670383134,0.0,0.0,0.0,0.0,0.0,0.0,0.0,0.0,0.0,0.0,0.0,0.0,0.0,0.0,0.0,0.0,0.0,0.0,0.0,0.0,0.0,0.5654524200468941,0.0
9,47.51672410297993,47.334279343198865,47.476180823028585,49.1789985809852,43.969187107236976,47.03020474356375,48.489762821812285,45.30711534563146,46.50314210419623,47.31400770322319,0.0,0.0,0.0,0.0,0.0,0.0,0.0,0.0,0.0,0.0,0.0,0.0,0.0,0.0,0.0,0.0,0.0,0.0,0.0,0.0,0.0,0.5677565830816322,0.0
10,47.091019663490776,49.92904926008514,47.88161362254206,47.78025542266369,47.96270018244476,49.11818366105818,48.388404621933915,47.719440502736674,48.93573890127711,49.09791202108251,0.0,0.0,0.0,0.0,0.0,0.0,0.0,0.0,0.0,0.0,0.0,0.0,0.0,0.0,0.0,0.0,0.0,0.0,0.0,0.0,0.0,0.5773381173433879,0.0
11,49.483073180620316,49.11818366105818,50.11149401986621,49.016825461179806,50.658828299209404,48.489762821812285,48.36813298195824,48.976282181228456,48.773565781471724,49.483073180620316,0.0,0.0,0.0,0.0,0.0,0.0,0.0,0.0,0.0,0.0,0.0,0.0,0.0,0.0,0.0,0.0,0.0,0.0,0.0,0.0,0.0,0.5800679761880629,0.0
12,48.53030610176363,50.61828501925806,49.624974660450036,49.34117170079059,51.023717818771544,50.37502533954997,47.334279343198865,50.638556659233736,51.08453273869856,49.8074194202311,0.0,0.0,0.0,0.0,0.0,0.0,0.0,0.0,0.0,0.0,0.0,0.0,0.0,0.0,0.0,0.0,0.0,0.0,0.0,0.0,0.0,0.5845344036542269,0.0
13,50.05067909993919,48.93573890127711,48.36813298195824,51.10480437867424,49.07764038110683,51.12507601864991,51.14534765862558,49.05736874113116,48.672207581593355,49.88850598013379,0.0,0.0,0.0,0.0,0.0,0.0,0.0,0.0,0.0,0.0,0.0,0.0,0.0,0.0,0.0,0.0,0.0,0.0,0.0,0.0,0.0,0.5862439439703229,0.0
14,50.39529697952564,50.658828299209404,51.794040137847155,50.71964321913642,50.557470099331034,51.44942225826069,51.30752077843097,47.98297182242043,51.550780458139066,50.71964321913642,0.0,0.0,0.0,0.0,0.0,0.0,0.0,0.0,0.0,0.0,0.0,0.0,0.0,0.0,0.0,0.0,0.0,0.0,0.0,0.0,0.0,0.589663024602515,0.0
15,51.06426109872289,51.935941617676875,51.69268193796878,51.06426109872289,50.71964321913642,50.37502533954997,52.01702817757956,50.01013581998783,49.66551794040138,49.685789580377055,0.0,0.0,0.0,0.0,0.0,0.0,0.0,0.0,0.0,0.0,0.0,0.0,0.0,0.0,0.0,0.0,0.0,0.0,0.0,0.0,0.0,0.5912374233916469,0.0
16,52.15892965740928,51.87512669774985,50.39529697952564,51.08453273869856,50.496655179404016,53.09142509629029,51.510237178187715,51.24670585850395,49.92904926008514,51.30752077843097,0.0,0.0,0.0,0.0,0.0,0.0,0.0,0.0,0.0,0.0,0.0,0.0,0.0,0.0,0.0,0.0,0.0,0.0,0.0,0.0,0.0,0.5938726831674471,0.0
17,50.17230893979323,51.97648489762822,51.97648489762822,51.75349685789581,53.31441313602271,52.990066896411925,50.31421041962295,47.96270018244476,52.321102777214676,51.510237178187715,0.0,0.0,0.0,0.0,0.0,0.0,0.0,0.0,0.0,0.0,0.0,0.0,0.0,0.0,0.0,0.0,0.0,0.0,0.0,0.0,0.0,0.5951700418263026,0.0
18,51.571052098114734,53.29414149604703,47.84107034259071,51.043989458747205,50.33448205959862,53.69957429556052,51.67241029799311,51.22643421852828,49.86823434015812,52.2197445773363,0.0,0.0,0.0,0.0,0.0,0.0,0.0,0.0,0.0,0.0,0.0,0.0,0.0,0.0,0.0,0.0,0.0,0.0,0.0,0.0,0.0,0.5976634029987905,0.0
19,51.77376849787147,52.92925197648489,53.03061017636327,53.13196837624163,52.077843097506594,52.26028785728766,52.58463409689844,52.13865801743361,53.537401175755114,51.266977498479626,0.0,0.0,0.0,0.0,0.0,0.0,0.0,0.0,0.0,0.0,0.0,0.0,0.0,0.0,0.0,0.0,0.0,0.0,0.0,0.0,0.0,0.5984607380078788,0.0
20,52.52381917697142,51.87512669774985,52.2197445773363,49.05736874113116,53.09142509629029,54.08473545509832,53.03061017636327,53.07115345631461,52.86843705655787,52.564362456922765,0.0,0.0,0.0,0.0,0.0,0.0,0.0,0.0,0.0,0.0,0.0,0.0,0.0,0.0,0.0,0.0,0.0,0.0,0.0,0.0,0.0,0.5970822944328448,0.0
21,47.51672410297993,53.334684775998376,51.22643421852828,49.7263328603284,53.476586255828096,53.57794445570647,51.73322521792013,51.67241029799311,53.05088181633894,52.52381917697142,0.0,0.0,0.0,0.0,0.0,0.0,0.0,0.0,0.0,0.0,0.0,0.0,0.0,0.0,0.0,0.0,0.0,0.0,0.0,0.0,0.0,0.598372896015352,0.0
22,51.20616257855261,53.45631461585242,51.571052098114734,54.59152645449017,51.550780458139066,53.7806608554632,52.40218933711738,52.05757145753091,54.04419217514697,52.077843097506594,0.0,0.0,0.0,0.0,0.0,0.0,0.0,0.0,0.0,0.0,0.0,0.0,0.0,0.0,0.0,0.0,0.0,0.0,0.0,0.0,0.0,0.6003121769272871,0.0
23,53.679302655584834,54.51043989458747,53.84147577539022,53.537401175755114,54.10500709507399,53.51712953577944,52.13865801743361,53.43604297587675,51.8345834177985,53.82120413541456,0.0,0.0,0.0,0.0,0.0,0.0,0.0,0.0,0.0,0.0,0.0,0.0,0.0,0.0,0.0,0.0,0.0,0.0,0.0,0.0,0.0,0.6031231206881407,0.0
24,52.64544901682547,53.31441313602271,52.92925197648489,53.98337725521994,52.68599229677681,50.699371579160754,54.75369957429555,53.51712953577944,52.767078856679504,53.57794445570647,0.0,0.0,0.0,0.0,0.0,0.0,0.0,0.0,0.0,0.0,0.0,0.0,0.0,0.0,0.0,0.0,0.0,0.0,0.0,0.0,0.0,0.6030217645429176,0.0
25,53.760389215487535,54.42935333468477,53.59821609568214,53.03061017636327,53.84147577539022,53.92256233529292,53.395499695925395,53.395499695925395,52.52381917697142,52.767078856679504,0.0,0.0,0.0,0.0,0.0,0.0,0.0,0.0,0.0,0.0,0.0,0.0,0.0,0.0,0.0,0.0,0.0,0.0,0.0,0.0,0.0,0.6005621887521707,0.0
26,51.854855057774174,53.35495641597405,54.04419217514697,53.07115345631461,53.17251165619299,53.63875937563349,53.57794445570647,53.23332657612001,53.92256233529292,53.395499695925395,0.0,0.0,0.0,0.0,0.0,0.0,0.0,0.0,0.0,0.0,0.0,0.0,0.0,0.0,0.0,0.0,0.0,0.0,0.0,0.0,0.0,0.6022717290682668,0.0
27,51.99675653760389,54.632069734441515,53.537401175755114,53.902290695317255,53.01033853638759,54.42935333468477,51.510237178187715,53.31441313602271,54.003648895195624,52.72653557672816,0.0,0.0,0.0,0.0,0.0,0.0,0.0,0.0,0.0,0.0,0.0,0.0,0.0,0.0,0.0,0.0,0.0,0.0,0.0,0.0,0.0,0.6035488164980776,0.0
28,54.46989661463613,52.13865801743361,50.76018649908778,54.4090816947091,54.18609365497669,53.07115345631461,50.23312385972025,54.34826677478208,53.88201905534158,53.17251165619299,0.0,0.0,0.0,0.0,0.0,0.0,0.0,0.0,0.0,0.0,0.0,0.0,0.0,0.0,0.0,0.0,0.0,0.0,0.0,0.0,0.0,0.6047650902407546,0.0
29,52.3819176971417,53.23332657612001,53.63875937563349,54.89560105412528,51.165619298601264,53.21305493614433,54.06446381512264,54.65234137441719,54.246908574903706,53.05088181633894,0.0,0.0,0.0,0.0,0.0,0.0,0.0,0.0,0.0,0.0,0.0,0.0,0.0,0.0,0.0,0.0,0.0,0.0,0.0,0.0,0.0,0.6032042056043191,0.0
30,52.564362456922765,54.814514494222585,53.49685789580377,53.57794445570647,55.605108453273864,54.89560105412528,52.74680721670383,53.57794445570647,55.17940401378472,54.22663693492804,0.0,0.0,0.0,0.0,0.0,0.0,0.0,0.0,0.0,0.0,0.0,0.0,0.0,0.0,0.0,0.0,0.0,0.0,0.0,0.0,0.0,0.6060421776705655,0.0
31,53.05088181633894,54.9564159740523,51.08453273869856,54.89560105412528,52.300831137239,54.59152645449017,52.74680721670383,53.07115345631461,54.9564159740523,53.41577133590108,0.0,0.0,0.0,0.0,0.0,0.0,0.0,0.0,0.0,0.0,0.0,0.0,0.0,0.0,0.0,0.0,0.0,0.0,0.0,0.0,0.0,0.6057043238531552,0.0
32,50.59801337928238,53.719845935536185,54.73342793431989,53.476586255828096,54.915872694100955,54.93614433407663,54.672613014392866,53.17251165619299,54.71315629434421,53.43604297587675,0.0,0.0,0.0,0.0,0.0,0.0,0.0,0.0,0.0,0.0,0.0,0.0,0.0,0.0,0.0,0.0,0.0,0.0,0.0,0.0,0.0,0.6052245714324326,0.0
33,55.442935333468476,55.21994729373606,52.92925197648489,54.65234137441719,52.990066896411925,55.138860733833376,53.27386985607136,53.618487735657816,55.3415771335901,52.52381917697142,0.0,0.0,0.0,0.0,0.0,0.0,0.0,0.0,0.0,0.0,0.0,0.0,0.0,0.0,0.0,0.0,0.0,0.0,0.0,0.0,0.0,0.6063259748771901,0.0
34,54.06446381512264,54.44962497466045,52.52381917697142,54.388810054733426,51.67241029799311,53.9428339752686,54.388810054733426,51.10480437867424,53.192783296168656,53.760389215487535,0.0,0.0,0.0,0.0,0.0,0.0,0.0,0.0,0.0,0.0,0.0,0.0,0.0,0.0,0.0,0.0,0.0,0.0,0.0,0.0,0.0,0.6047583331644064,0.0
35,52.52381917697142,53.375228055949734,53.395499695925395,55.38212041354146,53.74011757551186,54.51043989458747,54.65234137441719,52.26028785728766,53.43604297587675,53.65903101560916,0.0,0.0,0.0,0.0,0.0,0.0,0.0,0.0,0.0,0.0,0.0,0.0,0.0,0.0,0.0,0.0,0.0,0.0,0.0,0.0,0.0,0.6074544066273405,0.0
36,53.192783296168656,55.32130549361444,54.692884654368534,54.632069734441515,55.38212041354146,51.30752077843097,54.59152645449017,52.706263936752485,56.111899452665725,52.848165416582205,0.0,0.0,0.0,0.0,0.0,0.0,0.0,0.0,0.0,0.0,0.0,0.0,0.0,0.0,0.0,0.0,0.0,0.0,0.0,0.0,0.0,0.6068259985269574,0.0
37,52.848165416582205,54.26718021487938,52.34137441719036,54.79424285424691,53.21305493614433,55.969997972836005,54.12527873504966,54.20636529495236,54.73342793431989,52.280559497263326,0.0,0.0,0.0,0.0,0.0,0.0,0.0,0.0,0.0,0.0,0.0,0.0,0.0,0.0,0.0,0.0,0.0,0.0,0.0,0.0,0.0,0.608555810072098,0.0
38,54.34826677478208,55.969997972836005,54.06446381512264,52.990066896411925,55.48347861341982,55.78755321305494,55.66592337320089,51.48996553821205,54.97668761402797,55.62538009324955,0.0,0.0,0.0,0.0,0.0,0.0,0.0,0.0,0.0,0.0,0.0,0.0,0.0,0.0,0.0,0.0,0.0,0.0,0.0,0.0,0.0,0.6075354915435189,0.0
39,55.72673829312791,53.88201905534158,53.395499695925395,55.26049057368741,56.17271437259275,55.78755321305494,54.996959254003656,53.09142509629029,55.15913237380904,54.9564159740523,0.0,0.0,0.0,0.0,0.0,0.0,0.0,0.0,0.0,0.0,0.0,0.0,0.0,0.0,0.0,0.0,0.0,0.0,0.0,0.0,0.0,0.612137060536647,0.0
40,54.71315629434421,53.96310561524428,53.476586255828096,54.32799513480641,50.03040745996351,53.05088181633894,54.57125481451449,53.760389215487535,53.35495641597405,54.18609365497669,0.0,0.0,0.0,0.0,0.0,0.0,0.0,0.0,0.0,0.0,0.0,0.0,0.0,0.0,0.0,0.0,0.0,0.0,0.0,0.0,0.0,0.6091639469434366,0.0
41,53.253598216095675,53.98337725521994,54.61179809446585,53.27386985607136,54.672613014392866,55.28076221366308,55.86863977295763,54.490168254611795,55.64565173322522,49.23981350091222,0.0,0.0,0.0,0.0,0.0,0.0,0.0,0.0,0.0,0.0,0.0,0.0,0.0,0.0,0.0,0.0,0.0,0.0,0.0,0.0,0.0,0.6121573317656916,0.0
42,54.42935333468477,56.39570241232516,51.87512669774985,54.490168254611795,56.01054125278735,55.4226636934928,52.11838637745794,56.213257652544094,55.94972633286033,53.74011757551186,0.0,0.0,0.0,0.0,0.0,0.0,0.0,0.0,0.0,0.0,0.0,0.0,0.0,0.0,0.0,0.0,0.0,0.0,0.0,0.0,0.0,0.6112045840005946,0.0
43,53.07115345631461,56.213257652544094,53.11169673626597,54.65234137441719,53.59821609568214,54.42935333468477,54.12527873504966,54.003648895195624,53.57794445570647,54.773971214271235,0.0,0.0,0.0,0.0,0.0,0.0,0.0,0.0,0.0,0.0,0.0,0.0,0.0,0.0,0.0,0.0,0.0,0.0,0.0,0.0,0.0,0.6135290182643773,0.0
44,53.03061017636327,54.692884654368534,55.36184877356578,55.92945469288465,54.9564159740523,55.888911412933304,54.44962497466045,53.43604297587675,55.86863977295763,51.69268193796878,0.0,0.0,0.0,0.0,0.0,0.0,0.0,0.0,0.0,0.0,0.0,0.0,0.0,0.0,0.0,0.0,0.0,0.0,0.0,0.0,0.0,0.6125154568121465,0.0
45,54.20636529495236,54.165822015001005,49.84796270018245,55.86863977295763,54.55098317453883,54.51043989458747,52.60490573687411,52.74680721670383,54.632069734441515,53.861747415365905,0.0,0.0,0.0,0.0,0.0,0.0,0.0,0.0,0.0,0.0,0.0,0.0,0.0,0.0,0.0,0.0,0.0,0.0,0.0,0.0,0.0,0.6129141243166907,0.0
46,54.55098317453883,56.19298601256841,51.12507601864991,54.85505777417393,54.97668761402797,55.3415771335901,54.65234137441719,55.07804581390634,52.463004257044396,54.12527873504966,0.0,0.0,0.0,0.0,0.0,0.0,0.0,0.0,0.0,0.0,0.0,0.0,0.0,0.0,0.0,0.0,0.0,0.0,0.0,0.0,0.0,0.6099342536471319,0.0
47,54.0239205351713,54.75369957429555,55.199675653760394,54.4090816947091,54.71315629434421,52.990066896411925,55.46320697344416,53.65903101560916,56.19298601256841,54.26718021487938,0.0,0.0,0.0,0.0,0.0,0.0,0.0,0.0,0.0,0.0,0.0,0.0,0.0,0.0,0.0,0.0,0.0,0.0,0.0,0.0,0.0,0.6128735818586014,0.0
48,52.74680721670383,54.65234137441719,56.01054125278735,54.530711534563146,53.59821609568214,55.3415771335901,53.59821609568214,56.17271437259275,54.632069734441515,54.93614433407663,0.0,0.0,0.0,0.0,0.0,0.0,0.0,0.0,0.0,0.0,0.0,0.0,0.0,0.0,0.0,0.0,0.0,0.0,0.0,0.0,0.0,0.6124208577432716,0.0
49,52.34137441719036,52.44273261706872,55.11858909385769,56.29434421244679,54.04419217514697,53.59821609568214,53.395499695925395,53.74011757551186,54.26718021487938,55.747009933103584,0.0,0.0,0.0,0.0,0.0,0.0,0.0,0.0,0.0,0.0,0.0,0.0,0.0,0.0,0.0,0.0,0.0,0.0,0.0,0.0,0.0,0.6098801970363463,0.0
50,53.65903101560916,54.87532941414961,54.46989661463613,50.19258057976891,55.70646665315224,54.73342793431989,54.61179809446585,53.45631461585242,55.72673829312791,56.23352929251977,0.0,0.0,0.0,0.0,0.0,0.0,0.0,0.0,0.0,0.0,0.0,0.0,0.0,0.0,0.0,0.0,0.0,0.0,0.0,0.0,0.0,0.6124276148196198,0.0
51,53.861747415365905,54.915872694100955,55.969997972836005,52.990066896411925,54.71315629434421,55.442935333468476,55.62538009324955,53.375228055949734,55.26049057368741,53.679302655584834,0.0,0.0,0.0,0.0,0.0,0.0,0.0,0.0,0.0,0.0,0.0,0.0,0.0,0.0,0.0,0.0,0.0,0.0,0.0,0.0,0.0,0.6138398437763948,0.0
52,54.834786134198254,54.490168254611795,51.00344617879586,51.69268193796878,55.56456517332252,54.672613014392866,54.22663693492804,53.74011757551186,56.01054125278735,54.834786134198254,0.0,0.0,0.0,0.0,0.0,0.0,0.0,0.0,0.0,0.0,0.0,0.0,0.0,0.0,0.0,0.0,0.0,0.0,0.0,0.0,0.0,0.6134344191955025,0.0
53,53.98337725521994,55.442935333468476,55.64565173322522,56.09162781269005,52.36164605716602,56.09162781269005,49.88850598013379,54.59152645449017,54.85505777417393,50.638556659233736,0.0,0.0,0.0,0.0,0.0,0.0,0.0,0.0,0.0,0.0,0.0,0.0,0.0,0.0,0.0,0.0,0.0,0.0,0.0,0.0,0.0,0.6152385585804734,0.0
54,55.402392053517126,54.672613014392866,55.28076221366308,56.39570241232516,53.98337725521994,56.41597405230083,54.0239205351713,55.30103385363876,52.96979525643625,50.25339549969593,0.0,0.0,0.0,0.0,0.0,0.0,0.0,0.0,0.0,0.0,0.0,0.0,0.0,0.0,0.0,0.0,0.0,0.0,0.0,0.0,0.0,0.6159277803679903,0.0
55,54.93614433407663,55.686195013176565,53.96310561524428,55.28076221366308,55.037502533955,55.99026961281167,54.388810054733426,52.88870869653355,56.902493411717,48.631664301642004,0.0,0.0,0.0,0.0,0.0,0.0,0.0,0.0,0.0,0.0,0.0,0.0,0.0,0.0,0.0,0.0,0.0,0.0,0.0,0.0,0.0,0.6195563303669768,0.0
56,53.9428339752686,57.91607541050071,55.78755321305494,52.280559497263326,56.111899452665725,56.94303669166836,55.99026961281167,56.213257652544094,55.442935333468476,52.88870869653355,0.0,0.0,0.0,0.0,0.0,0.0,0.0,0.0,0.0,0.0,0.0,0.0,0.0,0.0,0.0,0.0,0.0,0.0,0.0,0.0,0.0,0.6196103869777625,0.0
57,56.030812892763024,56.63896209203324,55.84836813298196,57.024123251571055,54.51043989458747,55.402392053517126,56.19298601256841,54.89560105412528,54.75369957429555,50.76018649908778,0.0,0.0,0.0,0.0,0.0,0.0,0.0,0.0,0.0,0.0,0.0,0.0,0.0,0.0,0.0,0.0,0.0,0.0,0.0,0.0,0.0,0.6179751745014966,0.0
58,54.32799513480641,55.99026961281167,56.82140685181432,51.571052098114734,55.52402189337118,54.9564159740523,53.43604297587675,53.98337725521994,51.368335698357996,54.75369957429555,0.0,0.0,0.0,0.0,0.0,0.0,0.0,0.0,0.0,0.0,0.0,0.0,0.0,0.0,0.0,0.0,0.0,0.0,0.0,0.0,0.0,0.6195495732906287,0.0
59,54.246908574903706,54.307723494830725,54.73342793431989,54.9564159740523,54.55098317453883,54.51043989458747,53.192783296168656,54.55098317453883,53.01033853638759,54.36853841475775,0.0,0.0,0.0,0.0,0.0,0.0,0.0,0.0,0.0,0.0,0.0,0.0,0.0,0.0,0.0,0.0,0.0,0.0,0.0,0.0,0.0,0.6140290419141445,0.0
60,54.65234137441719,52.52381917697142,55.64565173322522,54.59152645449017,55.767281573079266,53.13196837624163,54.61179809446585,54.79424285424691,56.23352929251977,55.11858909385769,0.0,0.0,0.0,0.0,0.0,0.0,0.0,0.0,0.0,0.0,0.0,0.0,0.0,0.0,0.0,0.0,0.0,0.0,0.0,0.0,0.0,0.6165426743156771,0.0
61,53.59821609568214,54.834786134198254,55.48347861341982,55.62538009324955,53.23332657612001,58.01743361037908,48.733022501520374,55.442935333468476,50.98317453882019,56.19298601256841,0.0,0.0,0.0,0.0,0.0,0.0,0.0,0.0,0.0,0.0,0.0,0.0,0.0,0.0,0.0,0.0,0.0,0.0,0.0,0.0,0.0,0.6166237592318555,0.0
62,55.767281573079266,57.936347050476385,54.85505777417393,56.61869045205757,55.84836813298196,55.747009933103584,56.82140685181432,54.003648895195624,55.28076221366308,56.09162781269005,0.0,0.0,0.0,0.0,0.0,0.0,0.0,0.0,0.0,0.0,0.0,0.0,0.0,0.0,0.0,0.0,0.0,0.0,0.0,0.0,0.0,0.6233200218929273,0.0
63,55.057774173930675,56.355159132373814,55.84836813298196,52.64544901682547,54.530711534563146,53.96310561524428,56.213257652544094,53.96310561524428,51.794040137847155,52.422460977093046,0.0,0.0,0.0,0.0,0.0,0.0,0.0,0.0,0.0,0.0,0.0,0.0,0.0,0.0,0.0,0.0,0.0,0.0,0.0,0.0,0.0,0.6204009649105026,0.0
64,54.61179809446585,56.61869045205757,54.97668761402797,57.0646665315224,55.17940401378472,52.908980336509224,55.199675653760394,52.3819176971417,51.327792418406645,53.192783296168656,0.0,0.0,0.0,0.0,0.0,0.0,0.0,0.0,0.0,0.0,0.0,0.0,0.0,0.0,0.0,0.0,0.0,0.0,0.0,0.0,0.0,0.6214550688208226,0.0
65,55.5037502533955,55.80782485303061,55.84836813298196,53.51712953577944,49.645246300425704,54.75369957429555,52.40218933711738,53.43604297587675,54.42935333468477,51.87512669774985,0.0,0.0,0.0,0.0,0.0,0.0,0.0,0.0,0.0,0.0,0.0,0.0,0.0,0.0,0.0,0.0,0.0,0.0,0.0,0.0,0.0,0.6194549742217538,0.0
66,53.74011757551186,55.767281573079266,55.86863977295763,54.36853841475775,56.111899452665725,53.69957429556052,56.55787553213055,55.48347861341982,55.66592337320089,49.60470302047435,0.0,0.0,0.0,0.0,0.0,0.0,0.0,0.0,0.0,0.0,0.0,0.0,0.0,0.0,0.0,0.0,0.0,0.0,0.0,0.0,0.0,0.6222659179826073,0.0
67,54.04419217514697,55.828096493006285,56.69977701196027,57.08493817149808,55.36184877356578,52.64544901682547,56.63896209203324,56.43624569227651,51.38860733833367,56.740320291911615,0.0,0.0,0.0,0.0,0.0,0.0,0.0,0.0,0.0,0.0,0.0,0.0,0.0,0.0,0.0,0.0,0.0,0.0,0.0,0.0,0.0,0.6236849040157305,0.0
68,54.34826677478208,57.10520981147374,55.21994729373606,56.25380093249544,55.5037502533955,56.37543077234949,56.983579971619704,55.86863977295763,55.26049057368741,56.05108453273869,0.0,0.0,0.0,0.0,0.0,0.0,0.0,0.0,0.0,0.0,0.0,0.0,0.0,0.0,0.0,0.0,0.0,0.0,0.0,0.0,0.0,0.6268742440520836,0.0
69,56.23352929251977,56.47678897222785,54.97668761402797,56.96330833164402,54.145550375025344,55.767281573079266,53.902290695317255,54.692884654368534,56.355159132373814,53.5576728157308,0.0,0.0,0.0,0.0,0.0,0.0,0.0,0.0,0.0,0.0,0.0,0.0,0.0,0.0,0.0,0.0,0.0,0.0,0.0,0.0,0.0,0.6210699154689748,0.0
70,56.19298601256841,55.828096493006285,57.16602473140077,56.61869045205757,52.88870869653355,55.86863977295763,56.111899452665725,54.490168254611795,56.09162781269005,54.87532941414961,0.0,0.0,0.0,0.0,0.0,0.0,0.0,0.0,0.0,0.0,0.0,0.0,0.0,0.0,0.0,0.0,0.0,0.0,0.0,0.0,0.0,0.6269620860446102,0.0
71,55.52402189337118,55.78755321305494,54.632069734441515,54.22663693492804,55.78755321305494,55.52402189337118,55.584836813298196,53.45631461585242,56.13217109264139,56.92276505169268,0.0,0.0,0.0,0.0,0.0,0.0,0.0,0.0,0.0,0.0,0.0,0.0,0.0,0.0,0.0,0.0,0.0,0.0,0.0,0.0,0.0,0.6232254228240525,0.0
72,55.828096493006285,56.598418812081896,56.841678491789985,55.09831745388202,56.15244273261707,57.18629637137644,57.409284411108864,54.672613014392866,55.544293533346845,51.550780458139066,0.0,0.0,0.0,0.0,0.0,0.0,0.0,0.0,0.0,0.0,0.0,0.0,0.0,0.0,0.0,0.0,0.0,0.0,0.0,0.0,0.0,0.623603819099552,0.0
73,53.57794445570647,54.996959254003656,57.38901277113319,53.74011757551186,55.402392053517126,56.94303669166836,55.28076221366308,55.07804581390634,55.52402189337118,53.92256233529292,0.0,0.0,0.0,0.0,0.0,0.0,0.0,0.0,0.0,0.0,0.0,0.0,0.0,0.0,0.0,0.0,0.0,0.0,0.0,0.0,0.0,0.6233267789692756,0.0
74,55.84836813298196,55.767281573079266,52.05757145753091,54.85505777417393,50.88181633894182,54.36853841475775,56.92276505169268,55.24021893371174,57.0646665315224,53.192783296168656,0.0,0.0,0.0,0.0,0.0,0.0,0.0,0.0,0.0,0.0,0.0,0.0,0.0,0.0,0.0,0.0,0.0,0.0,0.0,0.0,0.0,0.6250295622090234,0.0
75,53.35495641597405,54.814514494222585,56.111899452665725,53.395499695925395,55.442935333468476,57.08493817149808,55.62538009324955,52.88870869653355,54.87532941414961,55.09831745388202,0.0,0.0,0.0,0.0,0.0,0.0,0.0,0.0,0.0,0.0,0.0,0.0,0.0,0.0,0.0,0.0,0.0,0.0,0.0,0.0,0.0,0.6240092436804443,0.0
76,53.05088181633894,55.78755321305494,55.828096493006285,57.0646665315224,53.49685789580377,56.882221771741335,55.969997972836005,54.61179809446585,52.19947293736064,54.36853841475775,0.0,0.0,0.0,0.0,0.0,0.0,0.0,0.0,0.0,0.0,0.0,0.0,0.0,0.0,0.0,0.0,0.0,0.0,0.0,0.0,0.0,0.623468677572588,0.0
77,55.605108453273864,56.92276505169268,54.61179809446585,55.584836813298196,55.64565173322522,55.828096493006285,57.71335901074397,54.32799513480641,57.38901277113319,55.402392053517126,0.0,0.0,0.0,0.0,0.0,0.0,0.0,0.0,0.0,0.0,0.0,0.0,0.0,0.0,0.0,0.0,0.0,0.0,0.0,0.0,0.0,0.6258268972181117,0.0
78,55.199675653760394,56.41597405230083,56.61869045205757,55.80782485303061,57.18629637137644,56.92276505169268,56.740320291911615,53.98337725521994,53.88201905534158,54.97668761402797,0.0,0.0,0.0,0.0,0.0,0.0,0.0,0.0,0.0,0.0,0.0,0.0,0.0,0.0,0.0,0.0,0.0,0.0,0.0,0.0,0.0,0.626462062394843,0.0
79,54.71315629434421,56.55787553213055,56.314615852422456,54.42935333468477,56.213257652544094,56.030812892763024,53.88201905534158,53.57794445570647,55.767281573079266,42.489357389012774,0.0,0.0,0.0,0.0,0.0,0.0,0.0,0.0,0.0,0.0,0.0,0.0,0.0,0.0,0.0,0.0,0.0,0.0,0.0,0.0,0.0,0.6270566851134851,0.0
80,55.78755321305494,56.213257652544094,56.55787553213055,56.72004865193594,55.767281573079266,56.43624569227651,53.92256233529292,55.01723089397932,52.483275897020064,56.19298601256841,0.0,0.0,0.0,0.0,0.0,0.0,0.0,0.0,0.0,0.0,0.0,0.0,0.0,0.0,0.0,0.0,0.0,0.0,0.0,0.0,0.0,0.6271647983350563,0.0
81,54.06446381512264,54.12527873504966,54.0239205351713,54.55098317453883,56.53760389215488,52.66572065680114,52.52381917697142,56.355159132373814,55.969997972836005,51.043989458747205,0.0,0.0,0.0,0.0,0.0,0.0,0.0,0.0,0.0,0.0,0.0,0.0,0.0,0.0,0.0,0.0,0.0,0.0,0.0,0.0,0.0,0.6243538545742028,0.0
82,53.476586255828096,57.91607541050071,55.057774173930675,55.138860733833376,57.10520981147374,56.19298601256841,55.62538009324955,55.72673829312791,56.41597405230083,55.909183052908986,0.0,0.0,0.0,0.0,0.0,0.0,0.0,0.0,0.0,0.0,0.0,0.0,0.0,0.0,0.0,0.0,0.0,0.0,0.0,0.0,0.0,0.6276850932138682,0.0
83,55.92945469288465,58.179606730184474,57.28765457125481,54.388810054733426,55.36184877356578,55.24021893371174,55.15913237380904,56.13217109264139,54.996959254003656,56.23352929251977,0.0,0.0,0.0,0.0,0.0,0.0,0.0,0.0,0.0,0.0,0.0,0.0,0.0,0.0,0.0,0.0,0.0,0.0,0.0,0.0,0.0,0.6265296331583251,0.0
84,52.11838637745794,57.00385161159538,53.65903101560916,55.84836813298196,57.53091425096291,56.94303669166836,56.41597405230083,55.52402189337118,56.55787553213055,54.97668761402797,0.0,0.0,0.0,0.0,0.0,0.0,0.0,0.0,0.0,0.0,0.0,0.0,0.0,0.0,0.0,0.0,0.0,0.0,0.0,0.0,0.0,0.6261242085774327,0.0
85,56.76059193188729,54.0239205351713,57.510642610987226,58.38232312994121,49.84796270018245,54.9564159740523,57.368741131157506,54.490168254611795,53.537401175755114,54.57125481451449,0.0,0.0,0.0,0.0,0.0,0.0,0.0,0.0,0.0,0.0,0.0,0.0,0.0,0.0,0.0,0.0,0.0,0.0,0.0,0.0,0.0,0.6300095274776509,0.0
86,52.13865801743361,55.037502533955,54.18609365497669,56.96330833164402,55.402392053517126,55.64565173322522,54.71315629434421,56.61869045205757,55.84836813298196,55.686195013176565,0.0,0.0,0.0,0.0,0.0,0.0,0.0,0.0,0.0,0.0,0.0,0.0,0.0,0.0,0.0,0.0,0.0,0.0,0.0,0.0,0.0,0.6311041738460603,0.0
87,55.199675653760394,55.21994729373606,55.605108453273864,56.09162781269005,57.87553213054936,57.44982769106021,52.88870869653355,54.79424285424691,54.145550375025344,54.996959254003656,0.0,0.0,0.0,0.0,0.0,0.0,0.0,0.0,0.0,0.0,0.0,0.0,0.0,0.0,0.0,0.0,0.0,0.0,0.0,0.0,0.0,0.6269485718919138,0.0
88,50.76018649908778,57.04439489154672,56.23352929251977,55.99026961281167,55.46320697344416,56.86195013176566,56.57814717210622,54.93614433407663,56.355159132373814,56.86195013176566,0.0,0.0,0.0,0.0,0.0,0.0,0.0,0.0,0.0,0.0,0.0,0.0,0.0,0.0,0.0,0.0,0.0,0.0,0.0,0.0,0.0,0.6305433365091592,0.0
89,55.057774173930675,56.55787553213055,55.767281573079266,55.56456517332252,56.43624569227651,56.314615852422456,57.08493817149808,57.125481451449424,52.321102777214676,57.85526049057369,0.0,0.0,0.0,0.0,0.0,0.0,0.0,0.0,0.0,0.0,0.0,0.0,0.0,0.0,0.0,0.0,0.0,0.0,0.0,0.0,0.0,0.6292594920030001,0.0
90,55.402392053517126,57.44982769106021,52.625177376849784,57.368741131157506,56.53760389215488,57.794445570646666,56.94303669166836,54.36853841475775,57.0646665315224,53.45631461585242,0.0,0.0,0.0,0.0,0.0,0.0,0.0,0.0,0.0,0.0,0.0,0.0,0.0,0.0,0.0,0.0,0.0,0.0,0.0,0.0,0.0,0.6321717919090768,0.0
91,53.253598216095675,57.69308737076829,57.69308737076829,54.4090816947091,55.3415771335901,57.6120008108656,55.5037502533955,57.409284411108864,54.773971214271235,55.605108453273864,0.0,0.0,0.0,0.0,0.0,0.0,0.0,0.0,0.0,0.0,0.0,0.0,0.0,0.0,0.0,0.0,0.0,0.0,0.0,0.0,0.0,0.6320231362294163,0.0
92,56.355159132373814,57.91607541050071,53.192783296168656,57.6120008108656,56.030812892763024,53.618487735657816,54.0239205351713,55.199675653760394,57.1457530914251,56.49706061220353,0.0,0.0,0.0,0.0,0.0,0.0,0.0,0.0,0.0,0.0,0.0,0.0,0.0,0.0,0.0,0.0,0.0,0.0,0.0,0.0,0.0,0.6309352469373551,0.0
93,53.01033853638759,58.24042165011149,55.52402189337118,57.30792621123049,52.3819176971417,56.111899452665725,57.63227245084127,57.6120008108656,48.55057774173931,53.719845935536185,0.0,0.0,0.0,0.0,0.0,0.0,0.0,0.0,0.0,0.0,0.0,0.0,0.0,0.0,0.0,0.0,0.0,0.0,0.0,0.0,0.0,0.6331042684451291,0.0
94,56.61869045205757,57.409284411108864,56.92276505169268,55.442935333468476,54.20636529495236,56.314615852422456,54.307723494830725,55.909183052908986,55.99026961281167,55.70646665315224,0.0,0.0,0.0,0.0,0.0,0.0,0.0,0.0,0.0,0.0,0.0,0.0,0.0,0.0,0.0,0.0,0.0,0.0,0.0,0.0,0.0,0.6324353178866569,0.0
95,58.84857084938171,57.652544090816946,57.125481451449424,57.28765457125481,58.260693290087175,56.882221771741335,56.213257652544094,54.165822015001005,57.55118589093857,53.31441313602271,0.0,0.0,0.0,0.0,0.0,0.0,0.0,0.0,0.0,0.0,0.0,0.0,0.0,0.0,0.0,0.0,0.0,0.0,0.0,0.0,0.0,0.6322731480542999,0.0
96,55.62538009324955,56.071356172714374,58.09852017028177,57.38901277113319,55.747009933103584,53.03061017636327,56.6795053719846,54.9564159740523,55.3415771335901,57.49037097101155,0.0,0.0,0.0,0.0,0.0,0.0,0.0,0.0,0.0,0.0,0.0,0.0,0.0,0.0,0.0,0.0,0.0,0.0,0.0,0.0,0.0,0.6331177825978256,0.0
97,58.260693290087175,54.59152645449017,56.25380093249544,56.78086357186296,57.91607541050071,55.66592337320089,56.33488749239813,57.18629637137644,53.96310561524428,54.32799513480641,0.0,0.0,0.0,0.0,0.0,0.0,0.0,0.0,0.0,0.0,0.0,0.0,0.0,0.0,0.0,0.0,0.0,0.0,0.0,0.0,0.0,0.6320501645348091,0.0
98,54.87532941414961,55.52402189337118,58.118791810257456,55.86863977295763,57.08493817149808,54.814514494222585,53.719845935536185,55.5037502533955,56.598418812081896,56.314615852422456,0.0,0.0,0.0,0.0,0.0,0.0,0.0,0.0,0.0,0.0,0.0,0.0,0.0,0.0,0.0,0.0,0.0,0.0,0.0,0.0,0.0,0.6329150703073794,0.0
99,54.73342793431989,59.233732008919525,55.888911412933304,56.882221771741335,54.46989661463613,54.55098317453883,56.314615852422456,55.584836813298196,50.841273058990474,55.888911412933304,0.0,0.0,0.0,0.0,0.0,0.0,0.0,0.0,0.0,0.0,0.0,0.0,0.0,0.0,0.0,0.0,0.0,0.0,0.0,0.0,0.0,0.632638030177103,0.0
100,54.93614433407663,56.94303669166836,55.94972633286033,57.226839651327786,56.456517332252176,55.99026961281167,54.834786134198254,56.13217109264139,57.226839651327786,50.435840259477,75.0,85.0,81.0,81.0,81.0,81.0,82.0,86.0,76.0,78.0,75.0,85.0,81.0,81.0,81.0,81.0,82.0,86.0,76.0,77.99999999999999,72.34948307318062,0.6339894454467441,72.34948307318064
101,57.18629637137644,56.29434421244679,54.246908574903706,55.402392053517126,57.0646665315224,57.08493817149808,58.01743361037908,57.0646665315224,55.80782485303061,54.55098317453883,69.0,84.0,83.0,75.0,82.0,77.0,80.0,82.0,76.0,80.0,69.0,84.0,82.99999999999999,75.0,82.0,77.0,80.0,82.0,76.0,80.0,72.0960875734847,0.6360571108092951,72.0960875734847
102,55.5037502533955,56.94303669166836,54.79424285424691,59.55807824853031,56.82140685181432,57.510642610987226,55.442935333468476,53.11169673626597,51.59132373809041,52.74680721670383,78.0,83.0,84.0,79.0,84.0,75.0,75.0,83.0,74.0,76.0,78.0,82.99999999999999,84.0,79.0,84.0,75.0,75.0,82.99999999999999,74.0,76.0,72.05554429353334,0.6352462616475103,72.05554429353334
103,55.909183052908986,57.510642610987226,55.5037502533955,54.34826677478208,57.57145753091425,57.57145753091425,56.57814717210622,52.13865801743361,55.767281573079266,56.19298601256841,72.0,82.0,81.0,77.0,78.0,77.0,80.0,81.0,71.0,81.0,72.0,82.0,81.0,77.0,78.0,77.0,80.0,81.0,71.0,81.0,72.32921143320495,0.6331785962849594,72.32921143320496
104,57.024123251571055,60.40948712750862,54.307723494830725,55.48347861341982,55.62538009324955,57.67281573079263,51.712953577944454,56.740320291911615,55.38212041354146,55.28076221366308,74.0,78.0,82.0,84.0,82.0,83.0,74.0,86.0,77.0,74.0,74.0,78.0,82.0,84.0,82.0,83.0,74.0,86.0,77.0,74.0,72.05554429353334,0.6348948936774037,72.05554429353333
105,55.442935333468476,52.2197445773363,56.41597405230083,58.524224609770926,55.544293533346845,53.43604297587675,56.13217109264139,55.32130549361444,55.64565173322522,56.01054125278735,73.0,86.0,85.0,78.0,77.0,82.0,81.0,76.0,76.0,75.0,73.0,86.0,85.0,78.0,77.0,82.0,81.0,76.0,76.0,75.0,72.03527265355767,0.6295973458204104,72.03527265355766
106,56.43624569227651,54.26718021487938,56.598418812081896,58.56476788972228,52.96979525643625,56.01054125278735,56.071356172714374,57.59172917088993,51.87512669774985,53.192783296168656,72.0,80.0,78.0,80.0,74.0,76.0,78.0,85.0,76.0,78.0,72.0,80.0,78.0,80.0,74.00000000000001,76.00000000000001,78.0,85.0,76.0,78.0,72.01500101358201,0.631948808389586,72.015001013582
107,55.38212041354146,54.42935333468477,56.314615852422456,58.34177984998986,56.23352929251977,58.60531116967363,52.58463409689844,56.902493411717,58.38232312994121,55.64565173322522,76.0,75.0,75.0,74.0,82.0,77.0,79.0,84.0,71.0,76.0,76.0,75.0,75.0,74.0,82.0,77.0,79.0,84.0,71.0,76.0,71.86296371376444,0.6346989384633057,71.86296371376444
108,54.307723494830725,58.44313804986824,54.915872694100955,56.111899452665725,55.72673829312791,55.4226636934928,57.44982769106021,55.64565173322522,55.969997972836005,50.23312385972025,77.0,81.0,89.0,82.0,76.0,83.0,82.0,84.0,77.0,80.0,77.0,81.0,89.0,82.0,76.00000000000001,83.0,82.0,84.0,77.0,80.0,72.02513683356983,0.6364152358557499,72.02513683356983
109,53.35495641597405,57.6120008108656,52.52381917697142,57.510642610987226,48.61139266166633,57.125481451449424,57.44982769106021,56.071356172714374,57.53091425096291,57.1457530914251,78.0,81.0,84.0,80.0,78.0,80.0,82.0,82.0,72.0,74.0,78.0,81.0,84.00000000000001,80.0,77.99999999999999,80.0,82.0,82.0,72.0,74.0,71.97445773363064,0.6356449291520545,71.97445773363066
110,54.20636529495236,56.72004865193594,52.422460977093046,56.76059193188729,55.828096493006285,58.46340968984391,58.92965740928441,55.11858909385769,58.19987837016014,54.692884654368534,80.0,80.0,78.0,81.0,84.0,77.0,78.0,86.0,75.0,79.0,80.0,80.0,77.99999999999999,81.0,84.0,77.0,78.0,86.00000000000001,75.0,79.0,71.83255625380093,0.6371990567121418,71.83255625380093
111,57.16602473140077,56.57814717210622,57.0646665315224,57.30792621123049,55.969997972836005,57.00385161159538,54.9564159740523,51.87512669774985,53.74011757551186,54.388810054733426,74.0,84.0,77.0,80.0,83.0,77.0,85.0,80.0,77.0,79.0,74.0,84.0,77.0,80.0,83.0,77.0,85.0,80.0,77.0,79.0,72.19744577336307,0.6342124289662349,72.19744577336306
112,58.24042165011149,58.36205148996554,56.82140685181432,55.037502533955,56.27407257247111,57.59172917088993,55.48347861341982,57.1457530914251,57.55118589093857,56.57814717210622,73.0,81.0,80.0,78.0,74.0,74.0,74.0,81.0,77.0,73.0,73.0,81.0,80.0,78.0,74.0,74.0,74.0,81.0,77.0,73.0,71.9035069937158,0.635597629617617,71.90350699371578
113,56.841678491789985,58.726941009527664,54.490168254611795,53.43604297587675,57.30792621123049,53.334684775998376,55.09831745388202,53.31441313602271,56.19298601256841,54.915872694100955,75.0,83.0,86.0,75.0,79.0,79.0,77.0,81.0,75.0,76.0,75.0,83.0,86.00000000000001,75.0,79.0,79.0,77.0,81.0,75.0,76.0,71.6602473140077,0.6350097639753232,71.66024731400769
114,57.28765457125481,56.69977701196027,58.05797689033043,54.55098317453883,52.03729981755524,59.193188728968174,56.55787553213055,55.5037502533955,53.74011757551186,51.023717818771544,76.0,83.0,82.0,79.0,79.0,81.0,80.0,77.0,77.0,77.0,76.0,83.0,82.0,79.0,79.0,81.0,80.0,77.0,77.0,77.0,71.80214879383742,0.636482806619232,71.80214879383742
115,56.63896209203324,56.983579971619704,56.96330833164402,58.524224609770926,56.456517332252176,57.226839651327786,56.33488749239813,57.04439489154672,56.213257652544094,52.40218933711738,75.0,80.0,79.0,79.0,81.0,78.0,82.0,87.0,81.0,79.0,75.0,80.0,79.0,79.0,81.0,78.0,82.0,87.0,81.0,79.0,71.92377863369147,0.6359962971221612,71.92377863369147
116,57.67281573079263,56.72004865193594,55.037502533955,56.57814717210622,54.89560105412528,52.3819176971417,56.6795053719846,56.983579971619704,56.39570241232516,51.956213257652536,74.0,82.0,82.0,80.0,85.0,73.0,76.0,82.0,78.0,76.0,74.0,81.99999999999999,81.99999999999999,80.0,85.0,73.0,76.0,82.0,78.0,76.0,71.5487532941415,0.6360841391146879,71.5487532941415
117,56.33488749239813,58.76748428947902,58.037705250354755,56.72004865193594,55.09831745388202,60.1864990877762,58.808027569430365,57.71335901074397,56.57814717210622,55.767281573079266,73.0,79.0,82.0,72.0,78.0,79.0,78.0,80.0,76.0,79.0,73.0,79.0,82.0,72.0,78.0,79.0,78.0,80.0,76.0,79.0,71.79201297384958,0.6372193279411864,71.79201297384957
118,51.34806405838233,57.38901277113319,56.15244273261707,56.49706061220353,54.71315629434421,57.63227245084127,57.91607541050071,56.49706061220353,57.16602473140077,53.618487735657816,73.0,80.0,80.0,76.0,79.0,75.0,81.0,83.0,79.0,79.0,73.0,80.0,80.0,76.0,79.0,75.0,81.0,83.0,79.0,79.0,71.67038313399554,0.6315839262667828,71.67038313399554
119,57.652544090816946,58.42286640989256,56.23352929251977,57.69308737076829,56.47678897222785,57.368741131157506,56.213257652544094,56.071356172714374,56.80113521183864,55.92945469288465,74.0,82.0,80.0,79.0,78.0,75.0,81.0,84.0,80.0,80.0,74.0,82.0,80.0,79.0,78.0,75.0,81.0,84.0,80.0,80.0,71.72106223393473,0.6355570871595279,71.72106223393473
